id,sex,age,order,boxtype,phase,sessionno,trialno,correct,trialtype,phase2,experiment
Reuben,m,8,foodfirst at test,blue,test,1,1,1,food,1,2
Reuben,m,8,foodfirst at test,blue,test,1,2,1,food,1,2
Reuben,m,8,foodfirst at test,blue,test,1,3,1,food,1,2
Reuben,m,8,foodfirst at test,blue,test,1,4,1,food,1,2
Reuben,m,8,foodfirst at test,blue,test,1,5,1,food,1,2
Reuben,m,8,foodfirst at test,blue,test,1,6,1,food,1,2
Reuben,m,8,foodfirst at test,blue,test,1,7,1,food,1,2
Reuben,m,8,foodfirst at test,blue,test,1,8,1,food,1,2
Reuben,m,8,foodfirst at test,blue,test,2,9,1,food,1,2
Reuben,m,8,foodfirst at test,blue,test,2,10,1,food,1,2
Reuben,m,8,foodfirst at test,blue,test,2,11,1,food,1,2
Reuben,m,8,foodfirst at test,blue,test,2,12,0,food,1,2
Reuben,m,8,foodfirst at test,blue,test,2,13,1,food,1,2
Reuben,m,8,foodfirst at test,blue,test,2,14,1,food,1,2
Reuben,m,8,foodfirst at test,blue,test,2,15,1,food,1,2
Reuben,m,8,foodfirst at test,blue,test,2,16,1,food,1,2
Reuben,m,8,foodfirst at test,blue,transfer,1,1,1,stick,2,2
Reuben,m,8,foodfirst at test,blue,transfer,1,2,0,stick,2,2
Reuben,m,8,foodfirst at test,blue,transfer,1,3,1,stick,2,2
Reuben,m,8,foodfirst at test,blue,transfer,1,4,1,stick,2,2
Reuben,m,8,foodfirst at test,blue,transfer,1,5,0,stick,2,2
Reuben,m,8,foodfirst at test,blue,transfer,1,6,1,stick,2,2
Reuben,m,8,foodfirst at test,blue,transfer,1,7,1,stick,2,2
Reuben,m,8,foodfirst at test,blue,transfer,1,8,1,stick,2,2
Reuben,m,8,foodfirst at test,blue,transfer,2,9,1,stick,2,2
Reuben,m,8,foodfirst at test,blue,transfer,2,10,1,stick,2,2
Reuben,m,8,foodfirst at test,blue,transfer,2,11,0,stick,2,2
Reuben,m,8,foodfirst at test,blue,transfer,2,12,0,stick,2,2
Reuben,m,8,foodfirst at test,blue,transfer,2,13,1,stick,2,2
Reuben,m,8,foodfirst at test,blue,transfer,2,14,1,stick,2,2
Reuben,m,8,foodfirst at test,blue,transfer,2,15,1,stick,2,2
Reuben,m,8,foodfirst at test,blue,transfer,2,16,1,stick,2,2
Kato,m,13,stickfirst at test,pink,test,1,1,0,stick,1,2
Kato,m,13,stickfirst at test,pink,test,1,2,1,stick,1,2
Kato,m,13,stickfirst at test,pink,test,1,3,1,stick,1,2
Kato,m,13,stickfirst at test,pink,test,1,4,0,stick,1,2
Kato,m,13,stickfirst at test,pink,test,1,5,0,stick,1,2
Kato,m,13,stickfirst at test,pink,test,1,6,1,stick,1,2
Kato,m,13,stickfirst at test,pink,test,1,7,0,stick,1,2
Kato,m,13,stickfirst at test,pink,test,1,8,0,stick,1,2
Kato,m,13,stickfirst at test,pink,test,2,9,1,stick,1,2
Kato,m,13,stickfirst at test,pink,test,2,10,0,stick,1,2
Kato,m,13,stickfirst at test,pink,test,2,11,0,stick,1,2
Kato,m,13,stickfirst at test,pink,test,2,12,1,stick,1,2
Kato,m,13,stickfirst at test,pink,test,2,13,1,stick,1,2
Kato,m,13,stickfirst at test,pink,test,2,14,1,stick,1,2
Kato,m,13,stickfirst at test,pink,test,2,15,1,stick,1,2
Kato,m,13,stickfirst at test,pink,test,2,16,1,stick,1,2
Kato,m,13,stickfirst at test,pink,transfer,1,1,1,food,2,2
Kato,m,13,stickfirst at test,pink,transfer,1,2,1,food,2,2
Kato,m,13,stickfirst at test,pink,transfer,1,3,1,food,2,2
Kato,m,13,stickfirst at test,pink,transfer,1,4,1,food,2,2
Kato,m,13,stickfirst at test,pink,transfer,1,5,1,food,2,2
Kato,m,13,stickfirst at test,pink,transfer,1,6,1,food,2,2
Kato,m,13,stickfirst at test,pink,transfer,1,7,1,food,2,2
Kato,m,13,stickfirst at test,pink,transfer,1,8,1,food,2,2
Kato,m,13,stickfirst at test,pink,transfer,2,9,0,food,2,2
Kato,m,13,stickfirst at test,pink,transfer,2,10,1,food,2,2
Kato,m,13,stickfirst at test,pink,transfer,2,11,1,food,2,2
Kato,m,13,stickfirst at test,pink,transfer,2,12,0,food,2,2
Kato,m,13,stickfirst at test,pink,transfer,2,13,0,food,2,2
Kato,m,13,stickfirst at test,pink,transfer,2,14,1,food,2,2
Kato,m,13,stickfirst at test,pink,transfer,2,15,1,food,2,2
Kato,m,13,stickfirst at test,pink,transfer,2,16,1,food,2,2
Chico,m,9,stickfirst at test,blue,test,1,1,1,stick,1,2
Chico,m,9,stickfirst at test,blue,test,1,2,1,stick,1,2
Chico,m,9,stickfirst at test,blue,test,1,3,1,stick,1,2
Chico,m,9,stickfirst at test,blue,test,1,4,1,stick,1,2
Chico,m,9,stickfirst at test,blue,test,1,5,1,stick,1,2
Chico,m,9,stickfirst at test,blue,test,1,6,0,stick,1,2
Chico,m,9,stickfirst at test,blue,test,1,7,1,stick,1,2
Chico,m,9,stickfirst at test,blue,test,1,8,0,stick,1,2
Chico,m,9,stickfirst at test,blue,test,2,9,1,stick,1,2
Chico,m,9,stickfirst at test,blue,test,2,10,1,stick,1,2
Chico,m,9,stickfirst at test,blue,test,2,11,1,stick,1,2
Chico,m,9,stickfirst at test,blue,test,2,12,1,stick,1,2
Chico,m,9,stickfirst at test,blue,test,2,13,1,stick,1,2
Chico,m,9,stickfirst at test,blue,test,2,14,1,stick,1,2
Chico,m,9,stickfirst at test,blue,test,2,15,1,stick,1,2
Chico,m,9,stickfirst at test,blue,test,2,16,1,stick,1,2
Chico,m,9,stickfirst at test,blue,transfer,1,1,0,food,2,2
Chico,m,9,stickfirst at test,blue,transfer,1,2,0,food,2,2
Chico,m,9,stickfirst at test,blue,transfer,1,3,1,food,2,2
Chico,m,9,stickfirst at test,blue,transfer,1,4,1,food,2,2
Chico,m,9,stickfirst at test,blue,transfer,1,5,0,food,2,2
Chico,m,9,stickfirst at test,blue,transfer,1,6,1,food,2,2
Chico,m,9,stickfirst at test,blue,transfer,1,7,1,food,2,2
Chico,m,9,stickfirst at test,blue,transfer,1,8,1,food,2,2
Chico,m,9,stickfirst at test,blue,transfer,2,9,1,food,2,2
Chico,m,9,stickfirst at test,blue,transfer,2,10,1,food,2,2
Chico,m,9,stickfirst at test,blue,transfer,2,11,1,food,2,2
Chico,m,9,stickfirst at test,blue,transfer,2,12,1,food,2,2
Chico,m,9,stickfirst at test,blue,transfer,2,13,0,food,2,2
Chico,m,9,stickfirst at test,blue,transfer,2,14,1,food,2,2
Chico,m,9,stickfirst at test,blue,transfer,2,15,0,food,2,2
Chico,m,9,stickfirst at test,blue,transfer,2,16,1,food,2,2
Carlos,m,12,foodfirst at test,pink,test,1,1,1,food,1,2
Carlos,m,12,foodfirst at test,pink,test,1,2,1,food,1,2
Carlos,m,12,foodfirst at test,pink,test,1,3,1,food,1,2
Carlos,m,12,foodfirst at test,pink,test,1,4,1,food,1,2
Carlos,m,12,foodfirst at test,pink,test,1,5,1,food,1,2
Carlos,m,12,foodfirst at test,pink,test,1,6,1,food,1,2
Carlos,m,12,foodfirst at test,pink,test,1,7,1,food,1,2
Carlos,m,12,foodfirst at test,pink,test,1,8,1,food,1,2
Carlos,m,12,foodfirst at test,pink,test,2,9,1,food,1,2
Carlos,m,12,foodfirst at test,pink,test,2,10,1,food,1,2
Carlos,m,12,foodfirst at test,pink,test,2,11,1,food,1,2
Carlos,m,12,foodfirst at test,pink,test,2,12,1,food,1,2
Carlos,m,12,foodfirst at test,pink,test,2,13,1,food,1,2
Carlos,m,12,foodfirst at test,pink,test,2,14,1,food,1,2
Carlos,m,12,foodfirst at test,pink,test,2,15,0,food,1,2
Carlos,m,12,foodfirst at test,pink,test,2,16,1,food,1,2
Carlos,m,12,foodfirst at test,pink,transfer,1,1,0,stick,2,2
Carlos,m,12,foodfirst at test,pink,transfer,1,2,1,stick,2,2
Carlos,m,12,foodfirst at test,pink,transfer,1,3,1,stick,2,2
Carlos,m,12,foodfirst at test,pink,transfer,1,4,0,stick,2,2
Carlos,m,12,foodfirst at test,pink,transfer,1,5,1,stick,2,2
Carlos,m,12,foodfirst at test,pink,transfer,1,6,1,stick,2,2
Carlos,m,12,foodfirst at test,pink,transfer,1,7,1,stick,2,2
Carlos,m,12,foodfirst at test,pink,transfer,1,8,1,stick,2,2
Carlos,m,12,foodfirst at test,pink,transfer,2,9,1,stick,2,2
Carlos,m,12,foodfirst at test,pink,transfer,2,10,0,stick,2,2
Carlos,m,12,foodfirst at test,pink,transfer,2,11,0,stick,2,2
Carlos,m,12,foodfirst at test,pink,transfer,2,12,1,stick,2,2
Carlos,m,12,foodfirst at test,pink,transfer,2,13,1,stick,2,2
Carlos,m,12,foodfirst at test,pink,transfer,2,14,0,stick,2,2
Carlos,m,12,foodfirst at test,pink,transfer,2,15,1,stick,2,2
Carlos,m,12,foodfirst at test,pink,transfer,2,16,0,stick,2,2
Junon,f,18,stickfirst at test,blue,test,1,1,0,stick,1,2
Junon,f,18,stickfirst at test,blue,test,1,2,0,stick,1,2
Junon,f,18,stickfirst at test,blue,test,1,3,0,stick,1,2
Junon,f,18,stickfirst at test,blue,test,1,4,1,stick,1,2
Junon,f,18,stickfirst at test,blue,test,1,5,0,stick,1,2
Junon,f,18,stickfirst at test,blue,test,1,6,1,stick,1,2
Junon,f,18,stickfirst at test,blue,test,1,7,1,stick,1,2
Junon,f,18,stickfirst at test,blue,test,1,8,1,stick,1,2
Junon,f,18,stickfirst at test,blue,test,2,9,0,stick,1,2
Junon,f,18,stickfirst at test,blue,test,2,10,1,stick,1,2
Junon,f,18,stickfirst at test,blue,test,2,11,1,stick,1,2
Junon,f,18,stickfirst at test,blue,test,2,12,0,stick,1,2
Junon,f,18,stickfirst at test,blue,test,2,13,1,stick,1,2
Junon,f,18,stickfirst at test,blue,test,2,14,0,stick,1,2
Junon,f,18,stickfirst at test,blue,test,2,15,0,stick,1,2
Junon,f,18,stickfirst at test,blue,test,2,16,1,stick,1,2
Junon,f,18,stickfirst at test,blue,transfer,1,1,0,food,2,2
Junon,f,18,stickfirst at test,blue,transfer,1,2,1,food,2,2
Junon,f,18,stickfirst at test,blue,transfer,1,3,1,food,2,2
Junon,f,18,stickfirst at test,blue,transfer,1,4,0,food,2,2
Junon,f,18,stickfirst at test,blue,transfer,1,5,1,food,2,2
Junon,f,18,stickfirst at test,blue,transfer,1,6,1,food,2,2
Junon,f,18,stickfirst at test,blue,transfer,1,7,1,food,2,2
Junon,f,18,stickfirst at test,blue,transfer,1,8,1,food,2,2
Junon,f,18,stickfirst at test,blue,transfer,2,9,1,food,2,2
Junon,f,18,stickfirst at test,blue,transfer,2,10,0,food,2,2
Junon,f,18,stickfirst at test,blue,transfer,2,11,1,food,2,2
Junon,f,18,stickfirst at test,blue,transfer,2,12,1,food,2,2
Junon,f,18,stickfirst at test,blue,transfer,2,13,1,food,2,2
Junon,f,18,stickfirst at test,blue,transfer,2,14,0,food,2,2
Junon,f,18,stickfirst at test,blue,transfer,2,15,1,food,2,2
Junon,f,18,stickfirst at test,blue,transfer,2,16,0,food,2,2
Hazel,f,5,foodfirst at test,pink,test,1,1,1,food,1,2
Hazel,f,5,foodfirst at test,pink,test,1,2,1,food,1,2
Hazel,f,5,foodfirst at test,pink,test,1,3,1,food,1,2
Hazel,f,5,foodfirst at test,pink,test,1,4,1,food,1,2
Hazel,f,5,foodfirst at test,pink,test,1,5,0,food,1,2
Hazel,f,5,foodfirst at test,pink,test,1,6,1,food,1,2
Hazel,f,5,foodfirst at test,pink,test,1,7,0,food,1,2
Hazel,f,5,foodfirst at test,pink,test,1,8,1,food,1,2
Hazel,f,5,foodfirst at test,pink,test,2,9,1,food,1,2
Hazel,f,5,foodfirst at test,pink,test,2,10,1,food,1,2
Hazel,f,5,foodfirst at test,pink,test,2,11,0,food,1,2
Hazel,f,5,foodfirst at test,pink,test,2,12,1,food,1,2
Hazel,f,5,foodfirst at test,pink,test,2,13,0,food,1,2
Hazel,f,5,foodfirst at test,pink,test,2,14,1,food,1,2
Hazel,f,5,foodfirst at test,pink,test,2,15,0,food,1,2
Hazel,f,5,foodfirst at test,pink,test,2,16,1,food,1,2
Hazel,f,5,foodfirst at test,pink,transfer,1,1,0,stick,2,2
Hazel,f,5,foodfirst at test,pink,transfer,1,2,1,stick,2,2
Hazel,f,5,foodfirst at test,pink,transfer,1,3,1,stick,2,2
Hazel,f,5,foodfirst at test,pink,transfer,1,4,0,stick,2,2
Hazel,f,5,foodfirst at test,pink,transfer,1,5,1,stick,2,2
Hazel,f,5,foodfirst at test,pink,transfer,1,6,0,stick,2,2
Hazel,f,5,foodfirst at test,pink,transfer,1,7,0,stick,2,2
Hazel,f,5,foodfirst at test,pink,transfer,1,8,1,stick,2,2
Hazel,f,5,foodfirst at test,pink,transfer,2,9,1,stick,2,2
Hazel,f,5,foodfirst at test,pink,transfer,2,10,1,stick,2,2
Hazel,f,5,foodfirst at test,pink,transfer,2,11,1,stick,2,2
Hazel,f,5,foodfirst at test,pink,transfer,2,12,1,stick,2,2
Hazel,f,5,foodfirst at test,pink,transfer,2,13,1,stick,2,2
Hazel,f,5,foodfirst at test,pink,transfer,2,14,1,stick,2,2
Hazel,f,5,foodfirst at test,pink,transfer,2,15,0,stick,2,2
Hazel,f,5,foodfirst at test,pink,transfer,2,16,1,stick,2,2
Luna,f,7,foodfirst at test,pink,test,1,1,1,food,1,2
Luna,f,7,foodfirst at test,pink,test,1,2,0,food,1,2
Luna,f,7,foodfirst at test,pink,test,1,3,0,food,1,2
Luna,f,7,foodfirst at test,pink,test,1,4,1,food,1,2
Luna,f,7,foodfirst at test,pink,test,1,5,1,food,1,2
Luna,f,7,foodfirst at test,pink,test,1,6,0,food,1,2
Luna,f,7,foodfirst at test,pink,test,1,7,1,food,1,2
Luna,f,7,foodfirst at test,pink,test,1,8,0,food,1,2
Luna,f,7,foodfirst at test,pink,test,2,9,1,food,1,2
Luna,f,7,foodfirst at test,pink,test,2,10,0,food,1,2
Luna,f,7,foodfirst at test,pink,test,2,11,0,food,1,2
Luna,f,7,foodfirst at test,pink,test,2,12,1,food,1,2
Luna,f,7,foodfirst at test,pink,test,2,13,1,food,1,2
Luna,f,7,foodfirst at test,pink,test,2,14,0,food,1,2
Luna,f,7,foodfirst at test,pink,test,2,15,1,food,1,2
Luna,f,7,foodfirst at test,pink,test,2,16,0,food,1,2
Luna,f,7,foodfirst at test,pink,transfer,1,1,1,stick,2,2
Luna,f,7,foodfirst at test,pink,transfer,1,2,0,stick,2,2
Luna,f,7,foodfirst at test,pink,transfer,1,3,0,stick,2,2
Luna,f,7,foodfirst at test,pink,transfer,1,4,1,stick,2,2
Luna,f,7,foodfirst at test,pink,transfer,1,5,0,stick,2,2
Luna,f,7,foodfirst at test,pink,transfer,1,6,1,stick,2,2
Luna,f,7,foodfirst at test,pink,transfer,1,7,1,stick,2,2
Luna,f,7,foodfirst at test,pink,transfer,1,8,0,stick,2,2
Luna,f,7,foodfirst at test,pink,transfer,2,9,0,stick,2,2
Luna,f,7,foodfirst at test,pink,transfer,2,10,1,stick,2,2
Luna,f,7,foodfirst at test,pink,transfer,2,11,1,stick,2,2
Luna,f,7,foodfirst at test,pink,transfer,2,12,0,stick,2,2
Luna,f,7,foodfirst at test,pink,transfer,2,13,0,stick,2,2
Luna,f,7,foodfirst at test,pink,transfer,2,14,1,stick,2,2
Luna,f,7,foodfirst at test,pink,transfer,2,15,0,stick,2,2
Luna,f,7,foodfirst at test,pink,transfer,2,16,1,stick,2,2
Inti,m,9,foodfirst at test,pink,test,1,1,0,food,1,2
Inti,m,9,foodfirst at test,pink,test,1,2,1,food,1,2
Inti,m,9,foodfirst at test,pink,test,1,3,1,food,1,2
Inti,m,9,foodfirst at test,pink,test,1,4,0,food,1,2
Inti,m,9,foodfirst at test,pink,test,1,5,0,food,1,2
Inti,m,9,foodfirst at test,pink,test,1,6,1,food,1,2
Inti,m,9,foodfirst at test,pink,test,1,7,0,food,1,2
Inti,m,9,foodfirst at test,pink,test,1,8,1,food,1,2
Inti,m,9,foodfirst at test,pink,test,2,9,0,food,1,2
Inti,m,9,foodfirst at test,pink,test,2,10,1,food,1,2
Inti,m,9,foodfirst at test,pink,test,2,11,1,food,1,2
Inti,m,9,foodfirst at test,pink,test,2,12,0,food,1,2
Inti,m,9,foodfirst at test,pink,test,2,13,0,food,1,2
Inti,m,9,foodfirst at test,pink,test,2,14,1,food,1,2
Inti,m,9,foodfirst at test,pink,test,2,15,0,food,1,2
Inti,m,9,foodfirst at test,pink,test,2,16,1,food,1,2
Inti,m,9,foodfirst at test,pink,transfer,1,1,0,stick,2,2
Inti,m,9,foodfirst at test,pink,transfer,1,2,1,stick,2,2
Inti,m,9,foodfirst at test,pink,transfer,1,3,1,stick,2,2
Inti,m,9,foodfirst at test,pink,transfer,1,4,0,stick,2,2
Inti,m,9,foodfirst at test,pink,transfer,1,5,1,stick,2,2
Inti,m,9,foodfirst at test,pink,transfer,1,6,1,stick,2,2
Inti,m,9,foodfirst at test,pink,transfer,1,7,0,stick,2,2
Inti,m,9,foodfirst at test,pink,transfer,1,8,1,stick,2,2
Inti,m,9,foodfirst at test,pink,transfer,2,9,1,stick,2,2
Inti,m,9,foodfirst at test,pink,transfer,2,10,1,stick,2,2
Inti,m,9,foodfirst at test,pink,transfer,2,11,0,stick,2,2
Inti,m,9,foodfirst at test,pink,transfer,2,12,1,stick,2,2
Inti,m,9,foodfirst at test,pink,transfer,2,13,1,stick,2,2
Inti,m,9,foodfirst at test,pink,transfer,2,14,1,stick,2,2
Inti,m,9,foodfirst at test,pink,transfer,2,15,1,stick,2,2
Inti,m,9,foodfirst at test,pink,transfer,2,16,1,stick,2,2
Torres,m,7,stickfirst at test,blue,test,1,1,1,stick,1,2
Torres,m,7,stickfirst at test,blue,test,1,2,1,stick,1,2
Torres,m,7,stickfirst at test,blue,test,1,3,1,stick,1,2
Torres,m,7,stickfirst at test,blue,test,1,4,1,stick,1,2
Torres,m,7,stickfirst at test,blue,test,1,5,0,stick,1,2
Torres,m,7,stickfirst at test,blue,test,1,6,1,stick,1,2
Torres,m,7,stickfirst at test,blue,test,1,7,1,stick,1,2
Torres,m,7,stickfirst at test,blue,test,1,8,0,stick,1,2
Torres,m,7,stickfirst at test,blue,test,2,9,0,stick,1,2
Torres,m,7,stickfirst at test,blue,test,2,10,1,stick,1,2
Torres,m,7,stickfirst at test,blue,test,2,11,1,stick,1,2
Torres,m,7,stickfirst at test,blue,test,2,12,1,stick,1,2
Torres,m,7,stickfirst at test,blue,test,2,13,1,stick,1,2
Torres,m,7,stickfirst at test,blue,test,2,14,0,stick,1,2
Torres,m,7,stickfirst at test,blue,test,2,15,0,stick,1,2
Torres,m,7,stickfirst at test,blue,test,2,16,1,stick,1,2
Torres,m,7,stickfirst at test,blue,transfer,1,1,0,food,2,2
Torres,m,7,stickfirst at test,blue,transfer,1,2,1,food,2,2
Torres,m,7,stickfirst at test,blue,transfer,1,3,1,food,2,2
Torres,m,7,stickfirst at test,blue,transfer,1,4,1,food,2,2
Torres,m,7,stickfirst at test,blue,transfer,1,5,1,food,2,2
Torres,m,7,stickfirst at test,blue,transfer,1,6,1,food,2,2
Torres,m,7,stickfirst at test,blue,transfer,1,7,1,food,2,2
Torres,m,7,stickfirst at test,blue,transfer,1,8,1,food,2,2
Torres,m,7,stickfirst at test,blue,transfer,2,9,1,food,2,2
Torres,m,7,stickfirst at test,blue,transfer,2,10,1,food,2,2
Torres,m,7,stickfirst at test,blue,transfer,2,11,1,food,2,2
Torres,m,7,stickfirst at test,blue,transfer,2,12,0,food,2,2
Torres,m,7,stickfirst at test,blue,transfer,2,13,1,food,2,2
Torres,m,7,stickfirst at test,blue,transfer,2,14,1,food,2,2
Torres,m,7,stickfirst at test,blue,transfer,2,15,1,food,2,2
Torres,m,7,stickfirst at test,blue,transfer,2,16,0,food,2,2
Alba,f,6,foodfirst at test,blue,test,1,1,0,food,1,2
Alba,f,6,foodfirst at test,blue,test,1,2,1,food,1,2
Alba,f,6,foodfirst at test,blue,test,1,3,1,food,1,2
Alba,f,6,foodfirst at test,blue,test,1,4,0,food,1,2
Alba,f,6,foodfirst at test,blue,test,1,5,0,food,1,2
Alba,f,6,foodfirst at test,blue,test,1,6,1,food,1,2
Alba,f,6,foodfirst at test,blue,test,1,7,1,food,1,2
Alba,f,6,foodfirst at test,blue,test,1,8,1,food,1,2
Alba,f,6,foodfirst at test,blue,test,2,9,1,food,1,2
Alba,f,6,foodfirst at test,blue,test,2,10,1,food,1,2
Alba,f,6,foodfirst at test,blue,test,2,11,1,food,1,2
Alba,f,6,foodfirst at test,blue,test,2,12,1,food,1,2
Alba,f,6,foodfirst at test,blue,test,2,13,1,food,1,2
Alba,f,6,foodfirst at test,blue,test,2,14,1,food,1,2
Alba,f,6,foodfirst at test,blue,test,2,15,0,food,1,2
Alba,f,6,foodfirst at test,blue,test,2,16,0,food,1,2
Alba,f,6,foodfirst at test,blue,transfer,1,1,1,stick,2,2
Alba,f,6,foodfirst at test,blue,transfer,1,2,1,stick,2,2
Alba,f,6,foodfirst at test,blue,transfer,1,3,1,stick,2,2
Alba,f,6,foodfirst at test,blue,transfer,1,4,0,stick,2,2
Alba,f,6,foodfirst at test,blue,transfer,1,5,1,stick,2,2
Alba,f,6,foodfirst at test,blue,transfer,1,6,0,stick,2,2
Alba,f,6,foodfirst at test,blue,transfer,1,7,0,stick,2,2
Alba,f,6,foodfirst at test,blue,transfer,1,8,1,stick,2,2
Alba,f,6,foodfirst at test,blue,transfer,2,9,1,stick,2,2
Alba,f,6,foodfirst at test,blue,transfer,2,10,0,stick,2,2
Alba,f,6,foodfirst at test,blue,transfer,2,11,0,stick,2,2
Alba,f,6,foodfirst at test,blue,transfer,2,12,1,stick,2,2
Alba,f,6,foodfirst at test,blue,transfer,2,13,1,stick,2,2
Alba,f,6,foodfirst at test,blue,transfer,2,14,0,stick,2,2
Alba,f,6,foodfirst at test,blue,transfer,2,15,1,stick,2,2
Alba,f,6,foodfirst at test,blue,transfer,2,16,0,stick,2,2
Ximo,m,8,foodfirst at test,blue,test,1,1,1,food,1,2
Ximo,m,8,foodfirst at test,blue,test,1,2,0,food,1,2
Ximo,m,8,foodfirst at test,blue,test,1,3,0,food,1,2
Ximo,m,8,foodfirst at test,blue,test,1,4,1,food,1,2
Ximo,m,8,foodfirst at test,blue,test,1,5,1,food,1,2
Ximo,m,8,foodfirst at test,blue,test,1,6,1,food,1,2
Ximo,m,8,foodfirst at test,blue,test,1,7,1,food,1,2
Ximo,m,8,foodfirst at test,blue,test,1,8,0,food,1,2
Ximo,m,8,foodfirst at test,blue,test,2,9,1,food,1,2
Ximo,m,8,foodfirst at test,blue,test,2,10,0,food,1,2
Ximo,m,8,foodfirst at test,blue,test,2,11,0,food,1,2
Ximo,m,8,foodfirst at test,blue,test,2,12,1,food,1,2
Ximo,m,8,foodfirst at test,blue,test,2,13,0,food,1,2
Ximo,m,8,foodfirst at test,blue,test,2,14,1,food,1,2
Ximo,m,8,foodfirst at test,blue,test,2,15,1,food,1,2
Ximo,m,8,foodfirst at test,blue,test,2,16,1,food,1,2
Ximo,m,8,foodfirst at test,blue,transfer,1,1,1,stick,2,2
Ximo,m,8,foodfirst at test,blue,transfer,1,2,0,stick,2,2
Ximo,m,8,foodfirst at test,blue,transfer,1,3,0,stick,2,2
Ximo,m,8,foodfirst at test,blue,transfer,1,4,1,stick,2,2
Ximo,m,8,foodfirst at test,blue,transfer,1,5,0,stick,2,2
Ximo,m,8,foodfirst at test,blue,transfer,1,6,1,stick,2,2
Ximo,m,8,foodfirst at test,blue,transfer,1,7,1,stick,2,2
Ximo,m,8,foodfirst at test,blue,transfer,1,8,0,stick,2,2
Ximo,m,8,foodfirst at test,blue,transfer,2,9,0,stick,2,2
Ximo,m,8,foodfirst at test,blue,transfer,2,10,1,stick,2,2
Ximo,m,8,foodfirst at test,blue,transfer,2,11,1,stick,2,2
Ximo,m,8,foodfirst at test,blue,transfer,2,12,0,stick,2,2
Ximo,m,8,foodfirst at test,blue,transfer,2,13,0,stick,2,2
Ximo,m,8,foodfirst at test,blue,transfer,2,14,1,stick,2,2
Ximo,m,8,foodfirst at test,blue,transfer,2,15,0,stick,2,2
Ximo,m,8,foodfirst at test,blue,transfer,2,16,1,stick,2,2
Bear,m,5,stickfirst at test,blue,test,1,1,1,stick,1,2
Bear,m,5,stickfirst at test,blue,test,1,2,1,stick,1,2
Bear,m,5,stickfirst at test,blue,test,1,3,1,stick,1,2
Bear,m,5,stickfirst at test,blue,test,1,4,1,stick,1,2
Bear,m,5,stickfirst at test,blue,test,1,5,0,stick,1,2
Bear,m,5,stickfirst at test,blue,test,1,6,1,stick,1,2
Bear,m,5,stickfirst at test,blue,test,1,7,1,stick,1,2
Bear,m,5,stickfirst at test,blue,test,1,8,1,stick,1,2
Bear,m,5,stickfirst at test,blue,test,2,9,0,stick,1,2
Bear,m,5,stickfirst at test,blue,test,2,10,1,stick,1,2
Bear,m,5,stickfirst at test,blue,test,2,11,1,stick,1,2
Bear,m,5,stickfirst at test,blue,test,2,12,1,stick,1,2
Bear,m,5,stickfirst at test,blue,test,2,13,1,stick,1,2
Bear,m,5,stickfirst at test,blue,test,2,14,0,stick,1,2
Bear,m,5,stickfirst at test,blue,test,2,15,0,stick,1,2
Bear,m,5,stickfirst at test,blue,test,2,16,1,stick,1,2
Bear,m,5,stickfirst at test,blue,transfer,1,1,1,food,2,2
Bear,m,5,stickfirst at test,blue,transfer,1,2,1,food,2,2
Bear,m,5,stickfirst at test,blue,transfer,1,3,1,food,2,2
Bear,m,5,stickfirst at test,blue,transfer,1,4,1,food,2,2
Bear,m,5,stickfirst at test,blue,transfer,1,5,1,food,2,2
Bear,m,5,stickfirst at test,blue,transfer,1,6,0,food,2,2
Bear,m,5,stickfirst at test,blue,transfer,1,7,1,food,2,2
Bear,m,5,stickfirst at test,blue,transfer,1,8,1,food,2,2
Bear,m,5,stickfirst at test,blue,transfer,2,9,1,food,2,2
Bear,m,5,stickfirst at test,blue,transfer,2,10,1,food,2,2
Bear,m,5,stickfirst at test,blue,transfer,2,11,1,food,2,2
Bear,m,5,stickfirst at test,blue,transfer,2,12,0,food,2,2
Bear,m,5,stickfirst at test,blue,transfer,2,13,1,food,2,2
Bear,m,5,stickfirst at test,blue,transfer,2,14,0,food,2,2
Bear,m,5,stickfirst at test,blue,transfer,2,15,1,food,2,2
Bear,m,5,stickfirst at test,blue,transfer,2,16,1,food,2,2
Rosa,f,8,foodfirst at test,pink,test,1,1,0,food,1,2
Rosa,f,8,foodfirst at test,pink,test,1,2,1,food,1,2
Rosa,f,8,foodfirst at test,pink,test,1,3,1,food,1,2
Rosa,f,8,foodfirst at test,pink,test,1,4,0,food,1,2
Rosa,f,8,foodfirst at test,pink,test,1,5,0,food,1,2
Rosa,f,8,foodfirst at test,pink,test,1,6,1,food,1,2
Rosa,f,8,foodfirst at test,pink,test,1,7,0,food,1,2
Rosa,f,8,foodfirst at test,pink,test,1,8,1,food,1,2
Rosa,f,8,foodfirst at test,pink,test,2,9,1,food,1,2
Rosa,f,8,foodfirst at test,pink,test,2,10,1,food,1,2
Rosa,f,8,foodfirst at test,pink,test,2,11,1,food,1,2
Rosa,f,8,foodfirst at test,pink,test,2,12,0,food,1,2
Rosa,f,8,foodfirst at test,pink,test,2,13,1,food,1,2
Rosa,f,8,foodfirst at test,pink,test,2,14,1,food,1,2
Rosa,f,8,foodfirst at test,pink,test,2,15,0,food,1,2
Rosa,f,8,foodfirst at test,pink,test,2,16,1,food,1,2
Rosa,f,8,foodfirst at test,pink,transfer,1,1,0,stick,2,2
Rosa,f,8,foodfirst at test,pink,transfer,1,2,1,stick,2,2
Rosa,f,8,foodfirst at test,pink,transfer,1,3,1,stick,2,2
Rosa,f,8,foodfirst at test,pink,transfer,1,4,1,stick,2,2
Rosa,f,8,foodfirst at test,pink,transfer,1,5,0,stick,2,2
Rosa,f,8,foodfirst at test,pink,transfer,1,6,0,stick,2,2
Rosa,f,8,foodfirst at test,pink,transfer,1,7,0,stick,2,2
Rosa,f,8,foodfirst at test,pink,transfer,1,8,1,stick,2,2
Rosa,f,8,foodfirst at test,pink,transfer,2,9,1,stick,2,2
Rosa,f,8,foodfirst at test,pink,transfer,2,10,0,stick,2,2
Rosa,f,8,foodfirst at test,pink,transfer,2,11,0,stick,2,2
Rosa,f,8,foodfirst at test,pink,transfer,2,12,1,stick,2,2
Rosa,f,8,foodfirst at test,pink,transfer,2,13,1,stick,2,2
Rosa,f,8,foodfirst at test,pink,transfer,2,14,0,stick,2,2
Rosa,f,8,foodfirst at test,pink,transfer,2,15,1,stick,2,2
Rosa,f,8,foodfirst at test,pink,transfer,2,16,0,stick,2,2
Figo,m,12,stickfirst at test,blue,test,1,1,0,stick,1,2
Figo,m,12,stickfirst at test,blue,test,1,2,1,stick,1,2
Figo,m,12,stickfirst at test,blue,test,1,3,1,stick,1,2
Figo,m,12,stickfirst at test,blue,test,1,4,0,stick,1,2
Figo,m,12,stickfirst at test,blue,test,1,5,1,stick,1,2
Figo,m,12,stickfirst at test,blue,test,1,6,0,stick,1,2
Figo,m,12,stickfirst at test,blue,test,1,7,0,stick,1,2
Figo,m,12,stickfirst at test,blue,test,1,8,1,stick,1,2
Figo,m,12,stickfirst at test,blue,test,2,9,1,stick,1,2
Figo,m,12,stickfirst at test,blue,test,2,10,0,stick,1,2
Figo,m,12,stickfirst at test,blue,test,2,11,0,stick,1,2
Figo,m,12,stickfirst at test,blue,test,2,12,1,stick,1,2
Figo,m,12,stickfirst at test,blue,test,2,13,0,stick,1,2
Figo,m,12,stickfirst at test,blue,test,2,14,1,stick,1,2
Figo,m,12,stickfirst at test,blue,test,2,15,1,stick,1,2
Figo,m,12,stickfirst at test,blue,test,2,16,0,stick,1,2
Figo,m,12,stickfirst at test,blue,transfer,1,1,0,food,2,2
Figo,m,12,stickfirst at test,blue,transfer,1,2,1,food,2,2
Figo,m,12,stickfirst at test,blue,transfer,1,3,0,food,2,2
Figo,m,12,stickfirst at test,blue,transfer,1,4,1,food,2,2
Figo,m,12,stickfirst at test,blue,transfer,1,5,0,food,2,2
Figo,m,12,stickfirst at test,blue,transfer,1,6,1,food,2,2
Figo,m,12,stickfirst at test,blue,transfer,1,7,1,food,2,2
Figo,m,12,stickfirst at test,blue,transfer,1,8,0,food,2,2
Figo,m,12,stickfirst at test,blue,transfer,2,9,0,food,2,2
Figo,m,12,stickfirst at test,blue,transfer,2,10,1,food,2,2
Figo,m,12,stickfirst at test,blue,transfer,2,11,1,food,2,2
Figo,m,12,stickfirst at test,blue,transfer,2,12,0,food,2,2
Figo,m,12,stickfirst at test,blue,transfer,2,13,0,food,2,2
Figo,m,12,stickfirst at test,blue,transfer,2,14,1,food,2,2
Figo,m,12,stickfirst at test,blue,transfer,2,15,0,food,2,2
Figo,m,12,stickfirst at test,blue,transfer,2,16,1,food,2,2
Reuben,m,8,foodfirst,blue,test,1,1,1,food,1,3
Reuben,m,8,foodfirst,blue,test,1,2,1,food,1,3
Reuben,m,8,foodfirst,blue,test,1,3,1,food,1,3
Reuben,m,8,foodfirst,blue,test,1,4,1,food,1,3
Reuben,m,8,foodfirst,blue,test,1,5,1,food,1,3
Reuben,m,8,foodfirst,blue,test,1,6,1,food,1,3
Reuben,m,8,foodfirst,blue,test,1,7,1,food,1,3
Reuben,m,8,foodfirst,blue,test,1,8,1,food,1,3
Reuben,m,8,foodfirst,blue,test,2,9,0,food,1,3
Reuben,m,8,foodfirst,blue,test,2,10,1,food,1,3
Reuben,m,8,foodfirst,blue,test,2,11,1,food,1,3
Reuben,m,8,foodfirst,blue,test,2,12,1,food,1,3
Reuben,m,8,foodfirst,blue,test,2,13,0,food,1,3
Reuben,m,8,foodfirst,blue,test,2,14,1,food,1,3
Reuben,m,8,foodfirst,blue,test,2,15,1,food,1,3
Reuben,m,8,foodfirst,blue,test,2,16,1,food,1,3
Reuben,m,8,foodfirst,blue,transfer,1,1,0,stick,2,3
Reuben,m,8,foodfirst,blue,transfer,1,2,1,stick,2,3
Reuben,m,8,foodfirst,blue,transfer,1,3,1,stick,2,3
Reuben,m,8,foodfirst,blue,transfer,1,4,0,stick,2,3
Reuben,m,8,foodfirst,blue,transfer,1,5,1,stick,2,3
Reuben,m,8,foodfirst,blue,transfer,1,6,0,stick,2,3
Reuben,m,8,foodfirst,blue,transfer,1,7,0,stick,2,3
Reuben,m,8,foodfirst,blue,transfer,1,8,1,stick,2,3
Reuben,m,8,foodfirst,blue,transfer,2,9,1,stick,2,3
Reuben,m,8,foodfirst,blue,transfer,2,10,0,stick,2,3
Reuben,m,8,foodfirst,blue,transfer,2,11,0,stick,2,3
Reuben,m,8,foodfirst,blue,transfer,2,12,1,stick,2,3
Reuben,m,8,foodfirst,blue,transfer,2,13,1,stick,2,3
Reuben,m,8,foodfirst,blue,transfer,2,14,0,stick,2,3
Reuben,m,8,foodfirst,blue,transfer,2,15,1,stick,2,3
Reuben,m,8,foodfirst,blue,transfer,2,16,0,stick,2,3
Kato,m,13,stickfirst,pink,test,1,1,0,stick,1,3
Kato,m,13,stickfirst,pink,test,1,2,1,stick,1,3
Kato,m,13,stickfirst,pink,test,1,3,1,stick,1,3
Kato,m,13,stickfirst,pink,test,1,4,0,stick,1,3
Kato,m,13,stickfirst,pink,test,1,5,1,stick,1,3
Kato,m,13,stickfirst,pink,test,1,6,0,stick,1,3
Kato,m,13,stickfirst,pink,test,1,7,0,stick,1,3
Kato,m,13,stickfirst,pink,test,1,8,1,stick,1,3
Kato,m,13,stickfirst,pink,test,2,9,1,stick,1,3
Kato,m,13,stickfirst,pink,test,2,10,1,stick,1,3
Kato,m,13,stickfirst,pink,test,2,11,0,stick,1,3
Kato,m,13,stickfirst,pink,test,2,12,0,stick,1,3
Kato,m,13,stickfirst,pink,test,2,13,0,stick,1,3
Kato,m,13,stickfirst,pink,test,2,14,1,stick,1,3
Kato,m,13,stickfirst,pink,test,2,15,1,stick,1,3
Kato,m,13,stickfirst,pink,test,2,16,0,stick,1,3
Kato,m,13,stickfirst,pink,transfer,1,1,1,food,2,3
Kato,m,13,stickfirst,pink,transfer,1,2,1,food,2,3
Kato,m,13,stickfirst,pink,transfer,1,3,1,food,2,3
Kato,m,13,stickfirst,pink,transfer,1,4,1,food,2,3
Kato,m,13,stickfirst,pink,transfer,1,5,1,food,2,3
Kato,m,13,stickfirst,pink,transfer,1,6,1,food,2,3
Kato,m,13,stickfirst,pink,transfer,1,7,1,food,2,3
Kato,m,13,stickfirst,pink,transfer,1,8,1,food,2,3
Kato,m,13,stickfirst,pink,transfer,2,9,1,food,2,3
Kato,m,13,stickfirst,pink,transfer,2,10,1,food,2,3
Kato,m,13,stickfirst,pink,transfer,2,11,1,food,2,3
Kato,m,13,stickfirst,pink,transfer,2,12,1,food,2,3
Kato,m,13,stickfirst,pink,transfer,2,13,0,food,2,3
Kato,m,13,stickfirst,pink,transfer,2,14,1,food,2,3
Kato,m,13,stickfirst,pink,transfer,2,15,1,food,2,3
Kato,m,13,stickfirst,pink,transfer,2,16,1,food,2,3
Chico,m,9,stickfirst,blue,test,1,1,1,stick,1,3
Chico,m,9,stickfirst,blue,test,1,2,0,stick,1,3
Chico,m,9,stickfirst,blue,test,1,3,0,stick,1,3
Chico,m,9,stickfirst,blue,test,1,4,1,stick,1,3
Chico,m,9,stickfirst,blue,test,1,5,0,stick,1,3
Chico,m,9,stickfirst,blue,test,1,6,1,stick,1,3
Chico,m,9,stickfirst,blue,test,1,7,1,stick,1,3
Chico,m,9,stickfirst,blue,test,1,8,0,stick,1,3
Chico,m,9,stickfirst,blue,test,2,9,0,stick,1,3
Chico,m,9,stickfirst,blue,test,2,10,1,stick,1,3
Chico,m,9,stickfirst,blue,test,2,11,1,stick,1,3
Chico,m,9,stickfirst,blue,test,2,12,0,stick,1,3
Chico,m,9,stickfirst,blue,test,2,13,1,stick,1,3
Chico,m,9,stickfirst,blue,test,2,14,0,stick,1,3
Chico,m,9,stickfirst,blue,test,2,15,0,stick,1,3
Chico,m,9,stickfirst,blue,test,2,16,1,stick,1,3
Chico,m,9,stickfirst,blue,transfer,1,1,1,food,2,3
Chico,m,9,stickfirst,blue,transfer,1,2,1,food,2,3
Chico,m,9,stickfirst,blue,transfer,1,3,1,food,2,3
Chico,m,9,stickfirst,blue,transfer,1,4,0,food,2,3
Chico,m,9,stickfirst,blue,transfer,1,5,1,food,2,3
Chico,m,9,stickfirst,blue,transfer,1,6,1,food,2,3
Chico,m,9,stickfirst,blue,transfer,1,7,1,food,2,3
Chico,m,9,stickfirst,blue,transfer,1,8,1,food,2,3
Chico,m,9,stickfirst,blue,transfer,2,9,1,food,2,3
Chico,m,9,stickfirst,blue,transfer,2,10,0,food,2,3
Chico,m,9,stickfirst,blue,transfer,2,11,0,food,2,3
Chico,m,9,stickfirst,blue,transfer,2,12,1,food,2,3
Chico,m,9,stickfirst,blue,transfer,2,13,1,food,2,3
Chico,m,9,stickfirst,blue,transfer,2,14,0,food,2,3
Chico,m,9,stickfirst,blue,transfer,2,15,1,food,2,3
Chico,m,9,stickfirst,blue,transfer,2,16,1,food,2,3
Carlos,m,12,foodfirst,pink,test,1,1,1,food,1,3
Carlos,m,12,foodfirst,pink,test,1,2,1,food,1,3
Carlos,m,12,foodfirst,pink,test,1,3,1,food,1,3
Carlos,m,12,foodfirst,pink,test,1,4,1,food,1,3
Carlos,m,12,foodfirst,pink,test,1,5,1,food,1,3
Carlos,m,12,foodfirst,pink,test,1,6,1,food,1,3
Carlos,m,12,foodfirst,pink,test,1,7,1,food,1,3
Carlos,m,12,foodfirst,pink,test,1,8,1,food,1,3
Carlos,m,12,foodfirst,pink,test,2,9,1,food,1,3
Carlos,m,12,foodfirst,pink,test,2,10,1,food,1,3
Carlos,m,12,foodfirst,pink,test,2,11,1,food,1,3
Carlos,m,12,foodfirst,pink,test,2,12,1,food,1,3
Carlos,m,12,foodfirst,pink,test,2,13,1,food,1,3
Carlos,m,12,foodfirst,pink,test,2,14,1,food,1,3
Carlos,m,12,foodfirst,pink,test,2,15,1,food,1,3
Carlos,m,12,foodfirst,pink,test,2,16,1,food,1,3
Carlos,m,12,foodfirst,pink,transfer,1,1,0,stick,2,3
Carlos,m,12,foodfirst,pink,transfer,1,2,1,stick,2,3
Carlos,m,12,foodfirst,pink,transfer,1,3,1,stick,2,3
Carlos,m,12,foodfirst,pink,transfer,1,4,0,stick,2,3
Carlos,m,12,foodfirst,pink,transfer,1,5,0,stick,2,3
Carlos,m,12,foodfirst,pink,transfer,1,6,0,stick,2,3
Carlos,m,12,foodfirst,pink,transfer,1,7,0,stick,2,3
Carlos,m,12,foodfirst,pink,transfer,1,8,1,stick,2,3
Carlos,m,12,foodfirst,pink,transfer,2,9,1,stick,2,3
Carlos,m,12,foodfirst,pink,transfer,2,10,0,stick,2,3
Carlos,m,12,foodfirst,pink,transfer,2,11,0,stick,2,3
Carlos,m,12,foodfirst,pink,transfer,2,12,1,stick,2,3
Carlos,m,12,foodfirst,pink,transfer,2,13,1,stick,2,3
Carlos,m,12,foodfirst,pink,transfer,2,14,0,stick,2,3
Carlos,m,12,foodfirst,pink,transfer,2,15,1,stick,2,3
Carlos,m,12,foodfirst,pink,transfer,2,16,0,stick,2,3
Junon,f,18,stickfirst,blue,test,1,1,0,stick,1,3
Junon,f,18,stickfirst,blue,test,1,2,1,stick,1,3
Junon,f,18,stickfirst,blue,test,1,3,1,stick,1,3
Junon,f,18,stickfirst,blue,test,1,4,1,stick,1,3
Junon,f,18,stickfirst,blue,test,1,5,1,stick,1,3
Junon,f,18,stickfirst,blue,test,1,6,0,stick,1,3
Junon,f,18,stickfirst,blue,test,1,7,0,stick,1,3
Junon,f,18,stickfirst,blue,test,1,8,1,stick,1,3
Junon,f,18,stickfirst,blue,test,2,9,1,stick,1,3
Junon,f,18,stickfirst,blue,test,2,10,0,stick,1,3
Junon,f,18,stickfirst,blue,test,2,11,0,stick,1,3
Junon,f,18,stickfirst,blue,test,2,12,1,stick,1,3
Junon,f,18,stickfirst,blue,test,2,13,0,stick,1,3
Junon,f,18,stickfirst,blue,test,2,14,1,stick,1,3
Junon,f,18,stickfirst,blue,test,2,15,1,stick,1,3
Junon,f,18,stickfirst,blue,test,2,16,0,stick,1,3
Junon,f,18,stickfirst,blue,transfer,1,1,1,food,2,3
Junon,f,18,stickfirst,blue,transfer,1,2,0,food,2,3
Junon,f,18,stickfirst,blue,transfer,1,3,0,food,2,3
Junon,f,18,stickfirst,blue,transfer,1,4,1,food,2,3
Junon,f,18,stickfirst,blue,transfer,1,5,1,food,2,3
Junon,f,18,stickfirst,blue,transfer,1,6,1,food,2,3
Junon,f,18,stickfirst,blue,transfer,1,7,1,food,2,3
Junon,f,18,stickfirst,blue,transfer,1,8,1,food,2,3
Junon,f,18,stickfirst,blue,transfer,2,9,1,food,2,3
Junon,f,18,stickfirst,blue,transfer,2,10,1,food,2,3
Junon,f,18,stickfirst,blue,transfer,2,11,1,food,2,3
Junon,f,18,stickfirst,blue,transfer,2,12,1,food,2,3
Junon,f,18,stickfirst,blue,transfer,2,13,1,food,2,3
Junon,f,18,stickfirst,blue,transfer,2,14,0,food,2,3
Junon,f,18,stickfirst,blue,transfer,2,15,1,food,2,3
Junon,f,18,stickfirst,blue,transfer,2,16,0,food,2,3
Hazel,f,5,foodfirst,pink,test,1,1,0,food,1,3
Hazel,f,5,foodfirst,pink,test,1,2,1,food,1,3
Hazel,f,5,foodfirst,pink,test,1,3,1,food,1,3
Hazel,f,5,foodfirst,pink,test,1,4,0,food,1,3
Hazel,f,5,foodfirst,pink,test,1,5,0,food,1,3
Hazel,f,5,foodfirst,pink,test,1,6,1,food,1,3
Hazel,f,5,foodfirst,pink,test,1,7,0,food,1,3
Hazel,f,5,foodfirst,pink,test,1,8,1,food,1,3
Hazel,f,5,foodfirst,pink,test,2,9,0,food,1,3
Hazel,f,5,foodfirst,pink,test,2,10,1,food,1,3
Hazel,f,5,foodfirst,pink,test,2,11,1,food,1,3
Hazel,f,5,foodfirst,pink,test,2,12,0,food,1,3
Hazel,f,5,foodfirst,pink,test,2,13,0,food,1,3
Hazel,f,5,foodfirst,pink,test,2,14,1,food,1,3
Hazel,f,5,foodfirst,pink,test,2,15,0,food,1,3
Hazel,f,5,foodfirst,pink,test,2,16,1,food,1,3
Hazel,f,5,foodfirst,pink,transfer,1,1,0,stick,2,3
Hazel,f,5,foodfirst,pink,transfer,1,2,1,stick,2,3
Hazel,f,5,foodfirst,pink,transfer,1,3,1,stick,2,3
Hazel,f,5,foodfirst,pink,transfer,1,4,0,stick,2,3
Hazel,f,5,foodfirst,pink,transfer,1,5,1,stick,2,3
Hazel,f,5,foodfirst,pink,transfer,1,6,0,stick,2,3
Hazel,f,5,foodfirst,pink,transfer,1,7,0,stick,2,3
Hazel,f,5,foodfirst,pink,transfer,1,8,1,stick,2,3
Hazel,f,5,foodfirst,pink,transfer,2,9,1,stick,2,3
Hazel,f,5,foodfirst,pink,transfer,2,10,0,stick,2,3
Hazel,f,5,foodfirst,pink,transfer,2,11,0,stick,2,3
Hazel,f,5,foodfirst,pink,transfer,2,12,1,stick,2,3
Hazel,f,5,foodfirst,pink,transfer,2,13,1,stick,2,3
Hazel,f,5,foodfirst,pink,transfer,2,14,0,stick,2,3
Hazel,f,5,foodfirst,pink,transfer,2,15,1,stick,2,3
Hazel,f,5,foodfirst,pink,transfer,2,16,0,stick,2,3
Luna,f,7,foodfirst,pink,test,1,1,1,food,1,3
Luna,f,7,foodfirst,pink,test,1,2,0,food,1,3
Luna,f,7,foodfirst,pink,test,1,3,0,food,1,3
Luna,f,7,foodfirst,pink,test,1,4,1,food,1,3
Luna,f,7,foodfirst,pink,test,1,5,1,food,1,3
Luna,f,7,foodfirst,pink,test,1,6,0,food,1,3
Luna,f,7,foodfirst,pink,test,1,7,1,food,1,3
Luna,f,7,foodfirst,pink,test,1,8,1,food,1,3
Luna,f,7,foodfirst,pink,test,2,9,1,food,1,3
Luna,f,7,foodfirst,pink,test,2,10,0,food,1,3
Luna,f,7,foodfirst,pink,test,2,11,0,food,1,3
Luna,f,7,foodfirst,pink,test,2,12,1,food,1,3
Luna,f,7,foodfirst,pink,test,2,13,1,food,1,3
Luna,f,7,foodfirst,pink,test,2,14,0,food,1,3
Luna,f,7,foodfirst,pink,test,2,15,1,food,1,3
Luna,f,7,foodfirst,pink,test,2,16,0,food,1,3
Luna,f,7,foodfirst,pink,transfer,1,1,1,stick,2,3
Luna,f,7,foodfirst,pink,transfer,1,2,0,stick,2,3
Luna,f,7,foodfirst,pink,transfer,1,3,1,stick,2,3
Luna,f,7,foodfirst,pink,transfer,1,4,1,stick,2,3
Luna,f,7,foodfirst,pink,transfer,1,5,0,stick,2,3
Luna,f,7,foodfirst,pink,transfer,1,6,1,stick,2,3
Luna,f,7,foodfirst,pink,transfer,1,7,1,stick,2,3
Luna,f,7,foodfirst,pink,transfer,1,8,0,stick,2,3
Luna,f,7,foodfirst,pink,transfer,2,9,0,stick,2,3
Luna,f,7,foodfirst,pink,transfer,2,10,1,stick,2,3
Luna,f,7,foodfirst,pink,transfer,2,11,1,stick,2,3
Luna,f,7,foodfirst,pink,transfer,2,12,0,stick,2,3
Luna,f,7,foodfirst,pink,transfer,2,13,0,stick,2,3
Luna,f,7,foodfirst,pink,transfer,2,14,1,stick,2,3
Luna,f,7,foodfirst,pink,transfer,2,15,0,stick,2,3
Luna,f,7,foodfirst,pink,transfer,2,16,0,stick,2,3
Rosa,f,8,foodfirst,pink,test,1,1,0,food,1,3
Rosa,f,8,foodfirst,pink,test,1,2,1,food,1,3
Rosa,f,8,foodfirst,pink,test,1,3,1,food,1,3
Rosa,f,8,foodfirst,pink,test,1,4,0,food,1,3
Rosa,f,8,foodfirst,pink,test,1,5,0,food,1,3
Rosa,f,8,foodfirst,pink,test,1,6,1,food,1,3
Rosa,f,8,foodfirst,pink,test,1,7,0,food,1,3
Rosa,f,8,foodfirst,pink,test,1,8,1,food,1,3
Rosa,f,8,foodfirst,pink,test,2,9,0,food,1,3
Rosa,f,8,foodfirst,pink,test,2,10,1,food,1,3
Rosa,f,8,foodfirst,pink,test,2,11,1,food,1,3
Rosa,f,8,foodfirst,pink,test,2,12,0,food,1,3
Rosa,f,8,foodfirst,pink,test,2,13,0,food,1,3
Rosa,f,8,foodfirst,pink,test,2,14,1,food,1,3
Rosa,f,8,foodfirst,pink,test,2,15,0,food,1,3
Rosa,f,8,foodfirst,pink,test,2,16,1,food,1,3
Rosa,f,8,foodfirst,pink,transfer,1,1,0,stick,2,3
Rosa,f,8,foodfirst,pink,transfer,1,2,1,stick,2,3
Rosa,f,8,foodfirst,pink,transfer,1,3,1,stick,2,3
Rosa,f,8,foodfirst,pink,transfer,1,4,0,stick,2,3
Rosa,f,8,foodfirst,pink,transfer,1,5,1,stick,2,3
Rosa,f,8,foodfirst,pink,transfer,1,6,0,stick,2,3
Rosa,f,8,foodfirst,pink,transfer,1,7,0,stick,2,3
Rosa,f,8,foodfirst,pink,transfer,1,8,1,stick,2,3
Rosa,f,8,foodfirst,pink,transfer,2,9,1,stick,2,3
Rosa,f,8,foodfirst,pink,transfer,2,10,0,stick,2,3
Rosa,f,8,foodfirst,pink,transfer,2,11,0,stick,2,3
Rosa,f,8,foodfirst,pink,transfer,2,12,1,stick,2,3
Rosa,f,8,foodfirst,pink,transfer,2,13,1,stick,2,3
Rosa,f,8,foodfirst,pink,transfer,2,14,0,stick,2,3
Rosa,f,8,foodfirst,pink,transfer,2,15,1,stick,2,3
Rosa,f,8,foodfirst,pink,transfer,2,16,0,stick,2,3
Inti,m,9,foodfirst,pink,test,1,1,0,food,1,3
Inti,m,9,foodfirst,pink,test,1,2,0,food,1,3
Inti,m,9,foodfirst,pink,test,1,3,0,food,1,3
Inti,m,9,foodfirst,pink,test,1,4,1,food,1,3
Inti,m,9,foodfirst,pink,test,1,5,0,food,1,3
Inti,m,9,foodfirst,pink,test,1,6,1,food,1,3
Inti,m,9,foodfirst,pink,test,1,7,0,food,1,3
Inti,m,9,foodfirst,pink,test,1,8,1,food,1,3
Inti,m,9,foodfirst,pink,test,2,9,0,food,1,3
Inti,m,9,foodfirst,pink,test,2,10,1,food,1,3
Inti,m,9,foodfirst,pink,test,2,11,1,food,1,3
Inti,m,9,foodfirst,pink,test,2,12,0,food,1,3
Inti,m,9,foodfirst,pink,test,2,13,1,food,1,3
Inti,m,9,foodfirst,pink,test,2,14,0,food,1,3
Inti,m,9,foodfirst,pink,test,2,15,0,food,1,3
Inti,m,9,foodfirst,pink,test,2,16,0,food,1,3
Inti,m,9,foodfirst,pink,transfer,1,1,0,stick,2,3
Inti,m,9,foodfirst,pink,transfer,1,2,1,stick,2,3
Inti,m,9,foodfirst,pink,transfer,1,3,1,stick,2,3
Inti,m,9,foodfirst,pink,transfer,1,4,0,stick,2,3
Inti,m,9,foodfirst,pink,transfer,1,5,1,stick,2,3
Inti,m,9,foodfirst,pink,transfer,1,6,1,stick,2,3
Inti,m,9,foodfirst,pink,transfer,1,7,0,stick,2,3
Inti,m,9,foodfirst,pink,transfer,1,8,0,stick,2,3
Inti,m,9,foodfirst,pink,transfer,2,9,1,stick,2,3
Inti,m,9,foodfirst,pink,transfer,2,10,0,stick,2,3
Inti,m,9,foodfirst,pink,transfer,2,11,1,stick,2,3
Inti,m,9,foodfirst,pink,transfer,2,12,1,stick,2,3
Inti,m,9,foodfirst,pink,transfer,2,13,0,stick,2,3
Inti,m,9,foodfirst,pink,transfer,2,14,0,stick,2,3
Inti,m,9,foodfirst,pink,transfer,2,15,0,stick,2,3
Inti,m,9,foodfirst,pink,transfer,2,16,0,stick,2,3
Torres,m,7,stickfirst,blue,test,1,1,1,stick,1,3
Torres,m,7,stickfirst,blue,test,1,2,1,stick,1,3
Torres,m,7,stickfirst,blue,test,1,3,0,stick,1,3
Torres,m,7,stickfirst,blue,test,1,4,1,stick,1,3
Torres,m,7,stickfirst,blue,test,1,5,0,stick,1,3
Torres,m,7,stickfirst,blue,test,1,6,1,stick,1,3
Torres,m,7,stickfirst,blue,test,1,7,1,stick,1,3
Torres,m,7,stickfirst,blue,test,1,8,0,stick,1,3
Torres,m,7,stickfirst,blue,test,2,9,1,stick,1,3
Torres,m,7,stickfirst,blue,test,2,10,1,stick,1,3
Torres,m,7,stickfirst,blue,test,2,11,0,stick,1,3
Torres,m,7,stickfirst,blue,test,2,12,0,stick,1,3
Torres,m,7,stickfirst,blue,test,2,13,1,stick,1,3
Torres,m,7,stickfirst,blue,test,2,14,0,stick,1,3
Torres,m,7,stickfirst,blue,test,2,15,0,stick,1,3
Torres,m,7,stickfirst,blue,test,2,16,1,stick,1,3
Torres,m,7,stickfirst,blue,transfer,1,1,0,food,2,3
Torres,m,7,stickfirst,blue,transfer,1,2,1,food,2,3
Torres,m,7,stickfirst,blue,transfer,1,3,0,food,2,3
Torres,m,7,stickfirst,blue,transfer,1,4,0,food,2,3
Torres,m,7,stickfirst,blue,transfer,1,5,1,food,2,3
Torres,m,7,stickfirst,blue,transfer,1,6,1,food,2,3
Torres,m,7,stickfirst,blue,transfer,1,7,1,food,2,3
Torres,m,7,stickfirst,blue,transfer,1,8,0,food,2,3
Torres,m,7,stickfirst,blue,transfer,2,9,1,food,2,3
Torres,m,7,stickfirst,blue,transfer,2,10,0,food,2,3
Torres,m,7,stickfirst,blue,transfer,2,11,1,food,2,3
Torres,m,7,stickfirst,blue,transfer,2,12,0,food,2,3
Torres,m,7,stickfirst,blue,transfer,2,13,0,food,2,3
Torres,m,7,stickfirst,blue,transfer,2,14,1,food,2,3
Torres,m,7,stickfirst,blue,transfer,2,15,0,food,2,3
Torres,m,7,stickfirst,blue,transfer,2,16,1,food,2,3
Alba,f,6,foodfirst,blue,test,1,1,0,food,1,3
Alba,f,6,foodfirst,blue,test,1,2,1,food,1,3
Alba,f,6,foodfirst,blue,test,1,3,1,food,1,3
Alba,f,6,foodfirst,blue,test,1,4,0,food,1,3
Alba,f,6,foodfirst,blue,test,1,5,0,food,1,3
Alba,f,6,foodfirst,blue,test,1,6,1,food,1,3
Alba,f,6,foodfirst,blue,test,1,7,0,food,1,3
Alba,f,6,foodfirst,blue,test,1,8,1,food,1,3
Alba,f,6,foodfirst,blue,test,2,9,0,food,1,3
Alba,f,6,foodfirst,blue,test,2,10,1,food,1,3
Alba,f,6,foodfirst,blue,test,2,11,1,food,1,3
Alba,f,6,foodfirst,blue,test,2,12,0,food,1,3
Alba,f,6,foodfirst,blue,test,2,13,0,food,1,3
Alba,f,6,foodfirst,blue,test,2,14,1,food,1,3
Alba,f,6,foodfirst,blue,test,2,15,0,food,1,3
Alba,f,6,foodfirst,blue,test,2,16,1,food,1,3
Alba,f,6,foodfirst,blue,transfer,1,1,0,stick,2,3
Alba,f,6,foodfirst,blue,transfer,1,2,1,stick,2,3
Alba,f,6,foodfirst,blue,transfer,1,3,1,stick,2,3
Alba,f,6,foodfirst,blue,transfer,1,4,1,stick,2,3
Alba,f,6,foodfirst,blue,transfer,1,5,1,stick,2,3
Alba,f,6,foodfirst,blue,transfer,1,6,0,stick,2,3
Alba,f,6,foodfirst,blue,transfer,1,7,0,stick,2,3
Alba,f,6,foodfirst,blue,transfer,1,8,1,stick,2,3
Alba,f,6,foodfirst,blue,transfer,2,9,1,stick,2,3
Alba,f,6,foodfirst,blue,transfer,2,10,0,stick,2,3
Alba,f,6,foodfirst,blue,transfer,2,11,0,stick,2,3
Alba,f,6,foodfirst,blue,transfer,2,12,1,stick,2,3
Alba,f,6,foodfirst,blue,transfer,2,13,1,stick,2,3
Alba,f,6,foodfirst,blue,transfer,2,14,0,stick,2,3
Alba,f,6,foodfirst,blue,transfer,2,15,1,stick,2,3
Alba,f,6,foodfirst,blue,transfer,2,16,0,stick,2,3
Ximo,m,8,foodfirst,blue,test,1,1,1,food,1,3
Ximo,m,8,foodfirst,blue,test,1,2,1,food,1,3
Ximo,m,8,foodfirst,blue,test,1,3,1,food,1,3
Ximo,m,8,foodfirst,blue,test,1,4,1,food,1,3
Ximo,m,8,foodfirst,blue,test,1,5,0,food,1,3
Ximo,m,8,foodfirst,blue,test,1,6,1,food,1,3
Ximo,m,8,foodfirst,blue,test,1,7,1,food,1,3
Ximo,m,8,foodfirst,blue,test,1,8,1,food,1,3
Ximo,m,8,foodfirst,blue,test,2,9,1,food,1,3
Ximo,m,8,foodfirst,blue,test,2,10,1,food,1,3
Ximo,m,8,foodfirst,blue,test,2,11,1,food,1,3
Ximo,m,8,foodfirst,blue,test,2,12,1,food,1,3
Ximo,m,8,foodfirst,blue,test,2,13,1,food,1,3
Ximo,m,8,foodfirst,blue,test,2,14,1,food,1,3
Ximo,m,8,foodfirst,blue,test,2,15,1,food,1,3
Ximo,m,8,foodfirst,blue,test,2,16,1,food,1,3
Ximo,m,8,foodfirst,blue,transfer,1,1,0,stick,2,3
Ximo,m,8,foodfirst,blue,transfer,1,2,0,stick,2,3
Ximo,m,8,foodfirst,blue,transfer,1,3,1,stick,2,3
Ximo,m,8,foodfirst,blue,transfer,1,4,0,stick,2,3
Ximo,m,8,foodfirst,blue,transfer,1,5,1,stick,2,3
Ximo,m,8,foodfirst,blue,transfer,1,6,1,stick,2,3
Ximo,m,8,foodfirst,blue,transfer,1,7,0,stick,2,3
Ximo,m,8,foodfirst,blue,transfer,1,8,1,stick,2,3
Ximo,m,8,foodfirst,blue,transfer,2,9,1,stick,2,3
Ximo,m,8,foodfirst,blue,transfer,2,10,0,stick,2,3
Ximo,m,8,foodfirst,blue,transfer,2,11,0,stick,2,3
Ximo,m,8,foodfirst,blue,transfer,2,12,1,stick,2,3
Ximo,m,8,foodfirst,blue,transfer,2,13,1,stick,2,3
Ximo,m,8,foodfirst,blue,transfer,2,14,0,stick,2,3
Ximo,m,8,foodfirst,blue,transfer,2,15,1,stick,2,3
Ximo,m,8,foodfirst,blue,transfer,2,16,0,stick,2,3
Bear,m,5,stickfirst,blue,test,1,1,1,stick,1,3
Bear,m,5,stickfirst,blue,test,1,2,0,stick,1,3
Bear,m,5,stickfirst,blue,test,1,3,0,stick,1,3
Bear,m,5,stickfirst,blue,test,1,4,1,stick,1,3
Bear,m,5,stickfirst,blue,test,1,5,0,stick,1,3
Bear,m,5,stickfirst,blue,test,1,6,1,stick,1,3
Bear,m,5,stickfirst,blue,test,1,7,1,stick,1,3
Bear,m,5,stickfirst,blue,test,1,8,0,stick,1,3
Bear,m,5,stickfirst,blue,test,2,9,1,stick,1,3
Bear,m,5,stickfirst,blue,test,2,10,0,stick,1,3
Bear,m,5,stickfirst,blue,test,2,11,1,stick,1,3
Bear,m,5,stickfirst,blue,test,2,12,0,stick,1,3
Bear,m,5,stickfirst,blue,test,2,13,1,stick,1,3
Bear,m,5,stickfirst,blue,test,2,14,0,stick,1,3
Bear,m,5,stickfirst,blue,test,2,15,1,stick,1,3
Bear,m,5,stickfirst,blue,test,2,16,1,stick,1,3
Bear,m,5,stickfirst,blue,transfer,1,1,0,food,2,3
Bear,m,5,stickfirst,blue,transfer,1,2,1,food,2,3
Bear,m,5,stickfirst,blue,transfer,1,3,1,food,2,3
Bear,m,5,stickfirst,blue,transfer,1,4,0,food,2,3
Bear,m,5,stickfirst,blue,transfer,1,5,1,food,2,3
Bear,m,5,stickfirst,blue,transfer,1,6,0,food,2,3
Bear,m,5,stickfirst,blue,transfer,1,7,0,food,2,3
Bear,m,5,stickfirst,blue,transfer,1,8,1,food,2,3
Bear,m,5,stickfirst,blue,transfer,2,9,1,food,2,3
Bear,m,5,stickfirst,blue,transfer,2,10,0,food,2,3
Bear,m,5,stickfirst,blue,transfer,2,11,0,food,2,3
Bear,m,5,stickfirst,blue,transfer,2,12,1,food,2,3
Bear,m,5,stickfirst,blue,transfer,2,13,1,food,2,3
Bear,m,5,stickfirst,blue,transfer,2,14,0,food,2,3
Bear,m,5,stickfirst,blue,transfer,2,15,1,food,2,3
Bear,m,5,stickfirst,blue,transfer,2,16,0,food,2,3
Figo,m,12,stickfirst,blue,test,1,1,0,stick,1,3
Figo,m,12,stickfirst,blue,test,1,2,1,stick,1,3
Figo,m,12,stickfirst,blue,test,1,3,1,stick,1,3
Figo,m,12,stickfirst,blue,test,1,4,0,stick,1,3
Figo,m,12,stickfirst,blue,test,1,5,1,stick,1,3
Figo,m,12,stickfirst,blue,test,1,6,0,stick,1,3
Figo,m,12,stickfirst,blue,test,1,7,0,stick,1,3
Figo,m,12,stickfirst,blue,test,1,8,1,stick,1,3
Figo,m,12,stickfirst,blue,test,2,9,1,stick,1,3
Figo,m,12,stickfirst,blue,test,2,10,0,stick,1,3
Figo,m,12,stickfirst,blue,test,2,11,0,stick,1,3
Figo,m,12,stickfirst,blue,test,2,12,1,stick,1,3
Figo,m,12,stickfirst,blue,test,2,13,0,stick,1,3
Figo,m,12,stickfirst,blue,test,2,14,1,stick,1,3
Figo,m,12,stickfirst,blue,test,2,15,1,stick,1,3
Figo,m,12,stickfirst,blue,test,2,16,0,stick,1,3
Figo,m,12,stickfirst,blue,transfer,1,1,1,food,2,3
Figo,m,12,stickfirst,blue,transfer,1,2,0,food,2,3
Figo,m,12,stickfirst,blue,transfer,1,3,1,food,2,3
Figo,m,12,stickfirst,blue,transfer,1,4,1,food,2,3
Figo,m,12,stickfirst,blue,transfer,1,5,0,food,2,3
Figo,m,12,stickfirst,blue,transfer,1,6,1,food,2,3
Figo,m,12,stickfirst,blue,transfer,1,7,1,food,2,3
Figo,m,12,stickfirst,blue,transfer,1,8,0,food,2,3
Figo,m,12,stickfirst,blue,transfer,2,9,0,food,2,3
Figo,m,12,stickfirst,blue,transfer,2,10,1,food,2,3
Figo,m,12,stickfirst,blue,transfer,2,11,1,food,2,3
Figo,m,12,stickfirst,blue,transfer,2,12,0,food,2,3
Figo,m,12,stickfirst,blue,transfer,2,13,0,food,2,3
Figo,m,12,stickfirst,blue,transfer,2,14,1,food,2,3
Figo,m,12,stickfirst,blue,transfer,2,15,0,food,2,3
Figo,m,12,stickfirst,blue,transfer,2,16,1,food,2,3
