id,sex,age,order,boxtype,sessiontype,sessionno,trialno,correct,trialtype,phase
Reuben,m,8,foodfirst,blue,pattern-warmup1,1,1,1,,
Reuben,m,8,foodfirst,blue,pattern-warmup1,1,2,1,,
Reuben,m,8,foodfirst,blue,pattern-warmup1,1,3,1,,
Reuben,m,8,foodfirst,blue,pattern-warmup1,1,4,1,,
Reuben,m,8,foodfirst,blue,pattern-warmup1,1,5,0,,
Reuben,m,8,foodfirst,blue,pattern-warmup1,1,6,1,,
Reuben,m,8,foodfirst,blue,pattern-warmup1,1,7,1,,
Reuben,m,8,foodfirst,blue,pattern-warmup1,1,8,1,,
Reuben,m,8,foodfirst,blue,pattern-warmup1,2,1,1,,
Reuben,m,8,foodfirst,blue,pattern-warmup1,2,2,1,,
Reuben,m,8,foodfirst,blue,pattern-warmup1,2,3,1,,
Reuben,m,8,foodfirst,blue,pattern-warmup1,2,4,0,,
Reuben,m,8,foodfirst,blue,pattern-warmup1,2,5,1,,
Reuben,m,8,foodfirst,blue,pattern-warmup1,2,6,0,,
Reuben,m,8,foodfirst,blue,pattern-warmup1,2,7,0,,
Reuben,m,8,foodfirst,blue,pattern-warmup1,2,8,1,,
Reuben,m,8,foodfirst,blue,pattern-warmup1,3,1,1,,
Reuben,m,8,foodfirst,blue,pattern-warmup1,3,2,1,,
Reuben,m,8,foodfirst,blue,pattern-warmup1,3,3,0,,
Reuben,m,8,foodfirst,blue,pattern-warmup1,3,4,0,,
Reuben,m,8,foodfirst,blue,pattern-warmup1,3,5,1,,
Reuben,m,8,foodfirst,blue,pattern-warmup1,3,6,1,,
Reuben,m,8,foodfirst,blue,pattern-warmup1,3,7,0,,
Reuben,m,8,foodfirst,blue,pattern-warmup1,3,8,1,,
Reuben,m,8,foodfirst,blue,pattern-warmup1,4,1,1,,
Reuben,m,8,foodfirst,blue,pattern-warmup1,4,2,0,,
Reuben,m,8,foodfirst,blue,pattern-warmup1,4,3,1,,
Reuben,m,8,foodfirst,blue,pattern-warmup1,4,4,1,,
Reuben,m,8,foodfirst,blue,pattern-warmup1,4,5,1,,
Reuben,m,8,foodfirst,blue,pattern-warmup1,4,6,1,,
Reuben,m,8,foodfirst,blue,pattern-warmup1,4,7,1,,
Reuben,m,8,foodfirst,blue,pattern-warmup1,4,8,0,,
Reuben,m,8,foodfirst,blue,pattern-warmup1,5,1,1,,
Reuben,m,8,foodfirst,blue,pattern-warmup1,5,2,1,,
Reuben,m,8,foodfirst,blue,pattern-warmup1,5,3,0,,
Reuben,m,8,foodfirst,blue,pattern-warmup1,5,4,1,,
Reuben,m,8,foodfirst,blue,pattern-warmup1,5,5,1,,
Reuben,m,8,foodfirst,blue,pattern-warmup1,5,6,0,,
Reuben,m,8,foodfirst,blue,pattern-warmup1,5,7,1,,
Reuben,m,8,foodfirst,blue,pattern-warmup1,5,8,0,,
Reuben,m,8,foodfirst,blue,pattern-warmup1,6,1,1,,
Reuben,m,8,foodfirst,blue,pattern-warmup1,6,2,1,,
Reuben,m,8,foodfirst,blue,pattern-warmup1,6,3,1,,
Reuben,m,8,foodfirst,blue,pattern-warmup1,6,4,1,,
Reuben,m,8,foodfirst,blue,pattern-warmup1,6,5,1,,
Reuben,m,8,foodfirst,blue,pattern-warmup1,6,6,1,,
Reuben,m,8,foodfirst,blue,pattern-warmup1,6,7,1,,
Reuben,m,8,foodfirst,blue,pattern-warmup1,6,8,0,,
Reuben,m,8,foodfirst,blue,pattern-warmup1,7,1,1,,
Reuben,m,8,foodfirst,blue,pattern-warmup1,7,2,0,,
Reuben,m,8,foodfirst,blue,pattern-warmup1,7,3,1,,
Reuben,m,8,foodfirst,blue,pattern-warmup1,7,4,1,,
Reuben,m,8,foodfirst,blue,pattern-warmup1,7,5,1,,
Reuben,m,8,foodfirst,blue,pattern-warmup1,7,6,1,,
Reuben,m,8,foodfirst,blue,pattern-warmup1,7,7,1,,
Reuben,m,8,foodfirst,blue,pattern-warmup1,7,8,1,,
Reuben,m,8,foodfirst,blue,pattern-warmup2,1,1,1,,
Reuben,m,8,foodfirst,blue,pattern-warmup2,1,2,1,,
Reuben,m,8,foodfirst,blue,pattern-warmup2,1,3,1,,
Reuben,m,8,foodfirst,blue,pattern-warmup2,1,4,1,,
Reuben,m,8,foodfirst,blue,pattern-warmup2,1,5,0,,
Reuben,m,8,foodfirst,blue,pattern-warmup2,1,6,1,,
Reuben,m,8,foodfirst,blue,pattern-warmup2,1,7,1,,
Reuben,m,8,foodfirst,blue,pattern-warmup2,1,8,1,,
Reuben,m,8,foodfirst,blue,pattern-warmup2,2,1,1,,
Reuben,m,8,foodfirst,blue,pattern-warmup2,2,2,1,,
Reuben,m,8,foodfirst,blue,pattern-warmup2,2,3,1,,
Reuben,m,8,foodfirst,blue,pattern-warmup2,2,4,1,,
Reuben,m,8,foodfirst,blue,pattern-warmup2,2,5,1,,
Reuben,m,8,foodfirst,blue,pattern-warmup2,2,6,1,,
Reuben,m,8,foodfirst,blue,pattern-warmup2,2,7,1,,
Reuben,m,8,foodfirst,blue,pattern-warmup2,2,8,1,,
Reuben,m,8,foodfirst,blue,pattern-test,1,1,1,food,1
Reuben,m,8,foodfirst,blue,pattern-test,1,2,1,food,1
Reuben,m,8,foodfirst,blue,pattern-test,1,3,1,food,1
Reuben,m,8,foodfirst,blue,pattern-test,1,4,1,food,1
Reuben,m,8,foodfirst,blue,pattern-test,1,5,1,food,1
Reuben,m,8,foodfirst,blue,pattern-test,1,6,1,food,1
Reuben,m,8,foodfirst,blue,pattern-test,1,7,1,food,1
Reuben,m,8,foodfirst,blue,pattern-test,1,8,1,food,1
Reuben,m,8,foodfirst,blue,pattern-test,2,1,0,food,1
Reuben,m,8,foodfirst,blue,pattern-test,2,2,1,food,1
Reuben,m,8,foodfirst,blue,pattern-test,2,3,1,food,1
Reuben,m,8,foodfirst,blue,pattern-test,2,4,1,food,1
Reuben,m,8,foodfirst,blue,pattern-test,2,5,0,food,1
Reuben,m,8,foodfirst,blue,pattern-test,2,6,1,food,1
Reuben,m,8,foodfirst,blue,pattern-test,2,7,1,food,1
Reuben,m,8,foodfirst,blue,pattern-test,2,8,1,food,1
Reuben,m,8,foodfirst,blue,pattern-transfer,1,1,0,stick,2
Reuben,m,8,foodfirst,blue,pattern-transfer,1,2,1,stick,2
Reuben,m,8,foodfirst,blue,pattern-transfer,1,3,1,stick,2
Reuben,m,8,foodfirst,blue,pattern-transfer,1,4,0,stick,2
Reuben,m,8,foodfirst,blue,pattern-transfer,1,5,1,stick,2
Reuben,m,8,foodfirst,blue,pattern-transfer,1,6,0,stick,2
Reuben,m,8,foodfirst,blue,pattern-transfer,1,7,0,stick,2
Reuben,m,8,foodfirst,blue,pattern-transfer,1,8,1,stick,2
Reuben,m,8,foodfirst,blue,pattern-transfer,2,1,1,stick,2
Reuben,m,8,foodfirst,blue,pattern-transfer,2,2,0,stick,2
Reuben,m,8,foodfirst,blue,pattern-transfer,2,3,0,stick,2
Reuben,m,8,foodfirst,blue,pattern-transfer,2,4,1,stick,2
Reuben,m,8,foodfirst,blue,pattern-transfer,2,5,1,stick,2
Reuben,m,8,foodfirst,blue,pattern-transfer,2,6,0,stick,2
Reuben,m,8,foodfirst,blue,pattern-transfer,2,7,1,stick,2
Reuben,m,8,foodfirst,blue,pattern-transfer,2,8,0,stick,2
Kato,m,13,stickfirst,pink,pattern-warmup1,1,1,0,,
Kato,m,13,stickfirst,pink,pattern-warmup1,1,2,1,,
Kato,m,13,stickfirst,pink,pattern-warmup1,1,3,1,,
Kato,m,13,stickfirst,pink,pattern-warmup1,1,4,0,,
Kato,m,13,stickfirst,pink,pattern-warmup1,1,5,1,,
Kato,m,13,stickfirst,pink,pattern-warmup1,1,6,1,,
Kato,m,13,stickfirst,pink,pattern-warmup1,1,7,1,,
Kato,m,13,stickfirst,pink,pattern-warmup1,1,8,1,,
Kato,m,13,stickfirst,pink,pattern-warmup1,2,1,1,,
Kato,m,13,stickfirst,pink,pattern-warmup1,2,2,1,,
Kato,m,13,stickfirst,pink,pattern-warmup1,2,3,0,,
Kato,m,13,stickfirst,pink,pattern-warmup1,2,4,0,,
Kato,m,13,stickfirst,pink,pattern-warmup1,2,5,0,,
Kato,m,13,stickfirst,pink,pattern-warmup1,2,6,1,,
Kato,m,13,stickfirst,pink,pattern-warmup1,2,7,1,,
Kato,m,13,stickfirst,pink,pattern-warmup1,2,8,1,,
Kato,m,13,stickfirst,pink,pattern-warmup1,3,1,1,,
Kato,m,13,stickfirst,pink,pattern-warmup1,3,2,1,,
Kato,m,13,stickfirst,pink,pattern-warmup1,3,3,1,,
Kato,m,13,stickfirst,pink,pattern-warmup1,3,4,1,,
Kato,m,13,stickfirst,pink,pattern-warmup1,3,5,1,,
Kato,m,13,stickfirst,pink,pattern-warmup1,3,6,1,,
Kato,m,13,stickfirst,pink,pattern-warmup1,3,7,1,,
Kato,m,13,stickfirst,pink,pattern-warmup1,3,8,1,,
Kato,m,13,stickfirst,pink,pattern-warmup1,4,1,1,,
Kato,m,13,stickfirst,pink,pattern-warmup1,4,2,1,,
Kato,m,13,stickfirst,pink,pattern-warmup1,4,3,1,,
Kato,m,13,stickfirst,pink,pattern-warmup1,4,4,1,,
Kato,m,13,stickfirst,pink,pattern-warmup1,4,5,1,,
Kato,m,13,stickfirst,pink,pattern-warmup1,4,6,1,,
Kato,m,13,stickfirst,pink,pattern-warmup1,4,7,1,,
Kato,m,13,stickfirst,pink,pattern-warmup1,4,8,1,,
Kato,m,13,stickfirst,pink,pattern-warmup2,1,1,1,,
Kato,m,13,stickfirst,pink,pattern-warmup2,1,2,1,,
Kato,m,13,stickfirst,pink,pattern-warmup2,1,3,1,,
Kato,m,13,stickfirst,pink,pattern-warmup2,1,4,1,,
Kato,m,13,stickfirst,pink,pattern-warmup2,1,5,1,,
Kato,m,13,stickfirst,pink,pattern-warmup2,1,6,1,,
Kato,m,13,stickfirst,pink,pattern-warmup2,1,7,1,,
Kato,m,13,stickfirst,pink,pattern-warmup2,1,8,1,,
Kato,m,13,stickfirst,pink,pattern-warmup2,2,1,1,,
Kato,m,13,stickfirst,pink,pattern-warmup2,2,2,1,,
Kato,m,13,stickfirst,pink,pattern-warmup2,2,3,1,,
Kato,m,13,stickfirst,pink,pattern-warmup2,2,4,1,,
Kato,m,13,stickfirst,pink,pattern-warmup2,2,5,1,,
Kato,m,13,stickfirst,pink,pattern-warmup2,2,6,1,,
Kato,m,13,stickfirst,pink,pattern-warmup2,2,7,1,,
Kato,m,13,stickfirst,pink,pattern-warmup2,2,8,1,,
Kato,m,13,stickfirst,pink,pattern-test,1,1,1,stick,1
Kato,m,13,stickfirst,pink,pattern-test,1,2,0,stick,1
Kato,m,13,stickfirst,pink,pattern-test,1,3,0,stick,1
Kato,m,13,stickfirst,pink,pattern-test,1,4,1,stick,1
Kato,m,13,stickfirst,pink,pattern-test,1,5,0,stick,1
Kato,m,13,stickfirst,pink,pattern-test,1,6,1,stick,1
Kato,m,13,stickfirst,pink,pattern-test,1,7,1,stick,1
Kato,m,13,stickfirst,pink,pattern-test,1,8,0,stick,1
Kato,m,13,stickfirst,pink,pattern-test,2,1,0,stick,1
Kato,m,13,stickfirst,pink,pattern-test,2,2,1,stick,1
Kato,m,13,stickfirst,pink,pattern-test,2,3,1,stick,1
Kato,m,13,stickfirst,pink,pattern-test,2,4,0,stick,1
Kato,m,13,stickfirst,pink,pattern-test,2,5,0,stick,1
Kato,m,13,stickfirst,pink,pattern-test,2,6,1,stick,1
Kato,m,13,stickfirst,pink,pattern-test,2,7,0,stick,1
Kato,m,13,stickfirst,pink,pattern-test,2,8,1,stick,1
Kato,m,13,stickfirst,pink,pattern-test,3,1,0,stick,1
Kato,m,13,stickfirst,pink,pattern-test,3,2,1,stick,1
Kato,m,13,stickfirst,pink,pattern-test,3,3,1,stick,1
Kato,m,13,stickfirst,pink,pattern-test,3,4,0,stick,1
Kato,m,13,stickfirst,pink,pattern-test,3,5,0,stick,1
Kato,m,13,stickfirst,pink,pattern-test,3,6,1,stick,1
Kato,m,13,stickfirst,pink,pattern-test,3,7,0,stick,1
Kato,m,13,stickfirst,pink,pattern-test,3,8,1,stick,1
Kato,m,13,stickfirst,pink,pattern-test,4,1,1,stick,1
Kato,m,13,stickfirst,pink,pattern-test,4,2,0,stick,1
Kato,m,13,stickfirst,pink,pattern-test,4,3,0,stick,1
Kato,m,13,stickfirst,pink,pattern-test,4,4,1,stick,1
Kato,m,13,stickfirst,pink,pattern-test,4,5,1,stick,1
Kato,m,13,stickfirst,pink,pattern-test,4,6,0,stick,1
Kato,m,13,stickfirst,pink,pattern-test,4,7,1,stick,1
Kato,m,13,stickfirst,pink,pattern-test,4,8,0,stick,1
Kato,m,13,stickfirst,pink,pattern-test,5,1,0,stick,1
Kato,m,13,stickfirst,pink,pattern-test,5,2,1,stick,1
Kato,m,13,stickfirst,pink,pattern-test,5,3,1,stick,1
Kato,m,13,stickfirst,pink,pattern-test,5,4,1,stick,1
Kato,m,13,stickfirst,pink,pattern-test,5,5,0,stick,1
Kato,m,13,stickfirst,pink,pattern-test,5,6,0,stick,1
Kato,m,13,stickfirst,pink,pattern-test,5,7,1,stick,1
Kato,m,13,stickfirst,pink,pattern-test,5,8,0,stick,1
Kato,m,13,stickfirst,pink,pattern-test,6,1,0,stick,1
Kato,m,13,stickfirst,pink,pattern-test,6,2,0,stick,1
Kato,m,13,stickfirst,pink,pattern-test,6,3,1,stick,1
Kato,m,13,stickfirst,pink,pattern-test,6,4,0,stick,1
Kato,m,13,stickfirst,pink,pattern-test,6,5,1,stick,1
Kato,m,13,stickfirst,pink,pattern-test,6,6,1,stick,1
Kato,m,13,stickfirst,pink,pattern-test,6,7,0,stick,1
Kato,m,13,stickfirst,pink,pattern-test,6,8,1,stick,1
Kato,m,13,stickfirst,pink,pattern-test,7,1,0,stick,1
Kato,m,13,stickfirst,pink,pattern-test,7,2,1,stick,1
Kato,m,13,stickfirst,pink,pattern-test,7,3,0,stick,1
Kato,m,13,stickfirst,pink,pattern-test,7,4,0,stick,1
Kato,m,13,stickfirst,pink,pattern-test,7,5,0,stick,1
Kato,m,13,stickfirst,pink,pattern-test,7,6,1,stick,1
Kato,m,13,stickfirst,pink,pattern-test,7,7,1,stick,1
Kato,m,13,stickfirst,pink,pattern-test,7,8,1,stick,1
Kato,m,13,stickfirst,pink,pattern-test,8,1,0,stick,1
Kato,m,13,stickfirst,pink,pattern-test,8,2,0,stick,1
Kato,m,13,stickfirst,pink,pattern-test,8,3,0,stick,1
Kato,m,13,stickfirst,pink,pattern-test,8,4,0,stick,1
Kato,m,13,stickfirst,pink,pattern-test,8,5,1,stick,1
Kato,m,13,stickfirst,pink,pattern-test,8,6,1,stick,1
Kato,m,13,stickfirst,pink,pattern-test,8,7,1,stick,1
Kato,m,13,stickfirst,pink,pattern-test,8,8,1,stick,1
Kato,m,13,stickfirst,pink,pattern-test,9,1,0,stick,1
Kato,m,13,stickfirst,pink,pattern-test,9,2,1,stick,1
Kato,m,13,stickfirst,pink,pattern-test,9,3,1,stick,1
Kato,m,13,stickfirst,pink,pattern-test,9,4,0,stick,1
Kato,m,13,stickfirst,pink,pattern-test,9,5,1,stick,1
Kato,m,13,stickfirst,pink,pattern-test,9,6,0,stick,1
Kato,m,13,stickfirst,pink,pattern-test,9,7,0,stick,1
Kato,m,13,stickfirst,pink,pattern-test,9,8,1,stick,1
Kato,m,13,stickfirst,pink,pattern-test,10,1,1,stick,1
Kato,m,13,stickfirst,pink,pattern-test,10,2,1,stick,1
Kato,m,13,stickfirst,pink,pattern-test,10,3,0,stick,1
Kato,m,13,stickfirst,pink,pattern-test,10,4,0,stick,1
Kato,m,13,stickfirst,pink,pattern-test,10,5,0,stick,1
Kato,m,13,stickfirst,pink,pattern-test,10,6,1,stick,1
Kato,m,13,stickfirst,pink,pattern-test,10,7,1,stick,1
Kato,m,13,stickfirst,pink,pattern-test,10,8,0,stick,1
Kato,m,13,stickfirst,pink,pattern-transfer,1,1,1,food,2
Kato,m,13,stickfirst,pink,pattern-transfer,1,2,1,food,2
Kato,m,13,stickfirst,pink,pattern-transfer,1,3,1,food,2
Kato,m,13,stickfirst,pink,pattern-transfer,1,4,1,food,2
Kato,m,13,stickfirst,pink,pattern-transfer,1,5,1,food,2
Kato,m,13,stickfirst,pink,pattern-transfer,1,6,1,food,2
Kato,m,13,stickfirst,pink,pattern-transfer,1,7,1,food,2
Kato,m,13,stickfirst,pink,pattern-transfer,1,8,1,food,2
Kato,m,13,stickfirst,pink,pattern-transfer,2,1,1,food,2
Kato,m,13,stickfirst,pink,pattern-transfer,2,2,1,food,2
Kato,m,13,stickfirst,pink,pattern-transfer,2,3,1,food,2
Kato,m,13,stickfirst,pink,pattern-transfer,2,4,1,food,2
Kato,m,13,stickfirst,pink,pattern-transfer,2,5,0,food,2
Kato,m,13,stickfirst,pink,pattern-transfer,2,6,1,food,2
Kato,m,13,stickfirst,pink,pattern-transfer,2,7,1,food,2
Kato,m,13,stickfirst,pink,pattern-transfer,2,8,1,food,2
Chico,m,9,stickfirst,blue,pattern-warmup1,1,1,0,,
Chico,m,9,stickfirst,blue,pattern-warmup1,1,2,1,,
Chico,m,9,stickfirst,blue,pattern-warmup1,1,3,1,,
Chico,m,9,stickfirst,blue,pattern-warmup1,1,4,0,,
Chico,m,9,stickfirst,blue,pattern-warmup1,1,5,1,,
Chico,m,9,stickfirst,blue,pattern-warmup1,1,6,0,,
Chico,m,9,stickfirst,blue,pattern-warmup1,1,7,0,,
Chico,m,9,stickfirst,blue,pattern-warmup1,1,8,1,,
Chico,m,9,stickfirst,blue,pattern-warmup1,2,1,1,,
Chico,m,9,stickfirst,blue,pattern-warmup1,2,2,0,,
Chico,m,9,stickfirst,blue,pattern-warmup1,2,3,0,,
Chico,m,9,stickfirst,blue,pattern-warmup1,2,4,1,,
Chico,m,9,stickfirst,blue,pattern-warmup1,2,5,0,,
Chico,m,9,stickfirst,blue,pattern-warmup1,2,6,1,,
Chico,m,9,stickfirst,blue,pattern-warmup1,2,7,1,,
Chico,m,9,stickfirst,blue,pattern-warmup1,2,8,0,,
Chico,m,9,stickfirst,blue,pattern-warmup1,3,1,1,,
Chico,m,9,stickfirst,blue,pattern-warmup1,3,2,0,,
Chico,m,9,stickfirst,blue,pattern-warmup1,3,3,0,,
Chico,m,9,stickfirst,blue,pattern-warmup1,3,4,1,,
Chico,m,9,stickfirst,blue,pattern-warmup1,3,5,1,,
Chico,m,9,stickfirst,blue,pattern-warmup1,3,6,0,,
Chico,m,9,stickfirst,blue,pattern-warmup1,3,7,1,,
Chico,m,9,stickfirst,blue,pattern-warmup1,3,8,1,,
Chico,m,9,stickfirst,blue,pattern-warmup1,4,1,0,,
Chico,m,9,stickfirst,blue,pattern-warmup1,4,2,1,,
Chico,m,9,stickfirst,blue,pattern-warmup1,4,3,1,,
Chico,m,9,stickfirst,blue,pattern-warmup1,4,4,0,,
Chico,m,9,stickfirst,blue,pattern-warmup1,4,5,0,,
Chico,m,9,stickfirst,blue,pattern-warmup1,4,6,1,,
Chico,m,9,stickfirst,blue,pattern-warmup1,4,7,1,,
Chico,m,9,stickfirst,blue,pattern-warmup1,4,8,1,,
Chico,m,9,stickfirst,blue,pattern-warmup1,5,1,0,,
Chico,m,9,stickfirst,blue,pattern-warmup1,5,2,1,,
Chico,m,9,stickfirst,blue,pattern-warmup1,5,3,1,,
Chico,m,9,stickfirst,blue,pattern-warmup1,5,4,1,,
Chico,m,9,stickfirst,blue,pattern-warmup1,5,5,1,,
Chico,m,9,stickfirst,blue,pattern-warmup1,5,6,1,,
Chico,m,9,stickfirst,blue,pattern-warmup1,5,7,1,,
Chico,m,9,stickfirst,blue,pattern-warmup1,5,8,1,,
Chico,m,9,stickfirst,blue,pattern-warmup1,6,1,1,,
Chico,m,9,stickfirst,blue,pattern-warmup1,6,2,1,,
Chico,m,9,stickfirst,blue,pattern-warmup1,6,3,1,,
Chico,m,9,stickfirst,blue,pattern-warmup1,6,4,1,,
Chico,m,9,stickfirst,blue,pattern-warmup1,6,5,1,,
Chico,m,9,stickfirst,blue,pattern-warmup1,6,6,1,,
Chico,m,9,stickfirst,blue,pattern-warmup1,6,7,1,,
Chico,m,9,stickfirst,blue,pattern-warmup1,6,8,1,,
Chico,m,9,stickfirst,blue,pattern-warmup2,1,1,1,,
Chico,m,9,stickfirst,blue,pattern-warmup2,1,2,1,,
Chico,m,9,stickfirst,blue,pattern-warmup2,1,3,1,,
Chico,m,9,stickfirst,blue,pattern-warmup2,1,4,1,,
Chico,m,9,stickfirst,blue,pattern-warmup2,1,5,1,,
Chico,m,9,stickfirst,blue,pattern-warmup2,1,6,1,,
Chico,m,9,stickfirst,blue,pattern-warmup2,1,7,1,,
Chico,m,9,stickfirst,blue,pattern-warmup2,1,8,1,,
Chico,m,9,stickfirst,blue,pattern-warmup2,2,1,1,,
Chico,m,9,stickfirst,blue,pattern-warmup2,2,2,1,,
Chico,m,9,stickfirst,blue,pattern-warmup2,2,3,1,,
Chico,m,9,stickfirst,blue,pattern-warmup2,2,4,1,,
Chico,m,9,stickfirst,blue,pattern-warmup2,2,5,1,,
Chico,m,9,stickfirst,blue,pattern-warmup2,2,6,1,,
Chico,m,9,stickfirst,blue,pattern-warmup2,2,7,1,,
Chico,m,9,stickfirst,blue,pattern-warmup2,2,8,1,,
Chico,m,9,stickfirst,blue,pattern-test,1,1,0,stick,1
Chico,m,9,stickfirst,blue,pattern-test,1,2,1,stick,1
Chico,m,9,stickfirst,blue,pattern-test,1,3,1,stick,1
Chico,m,9,stickfirst,blue,pattern-test,1,4,0,stick,1
Chico,m,9,stickfirst,blue,pattern-test,1,5,1,stick,1
Chico,m,9,stickfirst,blue,pattern-test,1,6,0,stick,1
Chico,m,9,stickfirst,blue,pattern-test,1,7,0,stick,1
Chico,m,9,stickfirst,blue,pattern-test,1,8,0,stick,1
Chico,m,9,stickfirst,blue,pattern-test,2,1,1,stick,1
Chico,m,9,stickfirst,blue,pattern-test,2,2,0,stick,1
Chico,m,9,stickfirst,blue,pattern-test,2,3,0,stick,1
Chico,m,9,stickfirst,blue,pattern-test,2,4,1,stick,1
Chico,m,9,stickfirst,blue,pattern-test,2,5,1,stick,1
Chico,m,9,stickfirst,blue,pattern-test,2,6,0,stick,1
Chico,m,9,stickfirst,blue,pattern-test,2,7,1,stick,1
Chico,m,9,stickfirst,blue,pattern-test,2,8,1,stick,1
Chico,m,9,stickfirst,blue,pattern-test,3,1,0,stick,1
Chico,m,9,stickfirst,blue,pattern-test,3,2,0,stick,1
Chico,m,9,stickfirst,blue,pattern-test,3,3,0,stick,1
Chico,m,9,stickfirst,blue,pattern-test,3,4,0,stick,1
Chico,m,9,stickfirst,blue,pattern-test,3,5,1,stick,1
Chico,m,9,stickfirst,blue,pattern-test,3,6,1,stick,1
Chico,m,9,stickfirst,blue,pattern-test,3,7,0,stick,1
Chico,m,9,stickfirst,blue,pattern-test,3,8,1,stick,1
Chico,m,9,stickfirst,blue,pattern-test,4,1,1,stick,1
Chico,m,9,stickfirst,blue,pattern-test,4,2,0,stick,1
Chico,m,9,stickfirst,blue,pattern-test,4,3,0,stick,1
Chico,m,9,stickfirst,blue,pattern-test,4,4,1,stick,1
Chico,m,9,stickfirst,blue,pattern-test,4,5,1,stick,1
Chico,m,9,stickfirst,blue,pattern-test,4,6,0,stick,1
Chico,m,9,stickfirst,blue,pattern-test,4,7,0,stick,1
Chico,m,9,stickfirst,blue,pattern-test,4,8,0,stick,1
Chico,m,9,stickfirst,blue,pattern-test,5,1,1,stick,1
Chico,m,9,stickfirst,blue,pattern-test,5,2,1,stick,1
Chico,m,9,stickfirst,blue,pattern-test,5,3,0,stick,1
Chico,m,9,stickfirst,blue,pattern-test,5,4,1,stick,1
Chico,m,9,stickfirst,blue,pattern-test,5,5,0,stick,1
Chico,m,9,stickfirst,blue,pattern-test,5,6,0,stick,1
Chico,m,9,stickfirst,blue,pattern-test,5,7,1,stick,1
Chico,m,9,stickfirst,blue,pattern-test,5,8,1,stick,1
Chico,m,9,stickfirst,blue,pattern-test,6,1,0,stick,1
Chico,m,9,stickfirst,blue,pattern-test,6,2,0,stick,1
Chico,m,9,stickfirst,blue,pattern-test,6,3,1,stick,1
Chico,m,9,stickfirst,blue,pattern-test,6,4,0,stick,1
Chico,m,9,stickfirst,blue,pattern-test,6,5,1,stick,1
Chico,m,9,stickfirst,blue,pattern-test,6,6,1,stick,1
Chico,m,9,stickfirst,blue,pattern-test,6,7,0,stick,1
Chico,m,9,stickfirst,blue,pattern-test,6,8,1,stick,1
Chico,m,9,stickfirst,blue,pattern-test,7,1,0,stick,1
Chico,m,9,stickfirst,blue,pattern-test,7,2,1,stick,1
Chico,m,9,stickfirst,blue,pattern-test,7,3,0,stick,1
Chico,m,9,stickfirst,blue,pattern-test,7,4,1,stick,1
Chico,m,9,stickfirst,blue,pattern-test,7,5,0,stick,1
Chico,m,9,stickfirst,blue,pattern-test,7,6,1,stick,1
Chico,m,9,stickfirst,blue,pattern-test,7,7,1,stick,1
Chico,m,9,stickfirst,blue,pattern-test,7,8,0,stick,1
Chico,m,9,stickfirst,blue,pattern-test,8,1,1,stick,1
Chico,m,9,stickfirst,blue,pattern-test,8,2,0,stick,1
Chico,m,9,stickfirst,blue,pattern-test,8,3,1,stick,1
Chico,m,9,stickfirst,blue,pattern-test,8,4,0,stick,1
Chico,m,9,stickfirst,blue,pattern-test,8,5,1,stick,1
Chico,m,9,stickfirst,blue,pattern-test,8,6,0,stick,1
Chico,m,9,stickfirst,blue,pattern-test,8,7,0,stick,1
Chico,m,9,stickfirst,blue,pattern-test,8,8,1,stick,1
Chico,m,9,stickfirst,blue,pattern-test,9,1,1,stick,1
Chico,m,9,stickfirst,blue,pattern-test,9,2,0,stick,1
Chico,m,9,stickfirst,blue,pattern-test,9,3,0,stick,1
Chico,m,9,stickfirst,blue,pattern-test,9,4,1,stick,1
Chico,m,9,stickfirst,blue,pattern-test,9,5,0,stick,1
Chico,m,9,stickfirst,blue,pattern-test,9,6,1,stick,1
Chico,m,9,stickfirst,blue,pattern-test,9,7,1,stick,1
Chico,m,9,stickfirst,blue,pattern-test,9,8,0,stick,1
Chico,m,9,stickfirst,blue,pattern-test,10,1,0,stick,1
Chico,m,9,stickfirst,blue,pattern-test,10,2,1,stick,1
Chico,m,9,stickfirst,blue,pattern-test,10,3,1,stick,1
Chico,m,9,stickfirst,blue,pattern-test,10,4,0,stick,1
Chico,m,9,stickfirst,blue,pattern-test,10,5,1,stick,1
Chico,m,9,stickfirst,blue,pattern-test,10,6,0,stick,1
Chico,m,9,stickfirst,blue,pattern-test,10,7,0,stick,1
Chico,m,9,stickfirst,blue,pattern-test,10,8,1,stick,1
Chico,m,9,stickfirst,blue,pattern-transfer,1,1,1,food,2
Chico,m,9,stickfirst,blue,pattern-transfer,1,2,1,food,2
Chico,m,9,stickfirst,blue,pattern-transfer,1,3,1,food,2
Chico,m,9,stickfirst,blue,pattern-transfer,1,4,0,food,2
Chico,m,9,stickfirst,blue,pattern-transfer,1,5,1,food,2
Chico,m,9,stickfirst,blue,pattern-transfer,1,6,1,food,2
Chico,m,9,stickfirst,blue,pattern-transfer,1,7,1,food,2
Chico,m,9,stickfirst,blue,pattern-transfer,1,8,1,food,2
Chico,m,9,stickfirst,blue,pattern-transfer,2,1,1,food,2
Chico,m,9,stickfirst,blue,pattern-transfer,2,2,0,food,2
Chico,m,9,stickfirst,blue,pattern-transfer,2,3,0,food,2
Chico,m,9,stickfirst,blue,pattern-transfer,2,4,1,food,2
Chico,m,9,stickfirst,blue,pattern-transfer,2,5,1,food,2
Chico,m,9,stickfirst,blue,pattern-transfer,2,6,0,food,2
Chico,m,9,stickfirst,blue,pattern-transfer,2,7,1,food,2
Chico,m,9,stickfirst,blue,pattern-transfer,2,8,1,food,2
Carlos,m,12,foodfirst,pink,pattern-warmup1,1,1,1,,
Carlos,m,12,foodfirst,pink,pattern-warmup1,1,2,0,,
Carlos,m,12,foodfirst,pink,pattern-warmup1,1,3,0,,
Carlos,m,12,foodfirst,pink,pattern-warmup1,1,4,1,,
Carlos,m,12,foodfirst,pink,pattern-warmup1,1,5,0,,
Carlos,m,12,foodfirst,pink,pattern-warmup1,1,6,1,,
Carlos,m,12,foodfirst,pink,pattern-warmup1,1,7,1,,
Carlos,m,12,foodfirst,pink,pattern-warmup1,1,8,0,,
Carlos,m,12,foodfirst,pink,pattern-warmup1,2,1,0,,
Carlos,m,12,foodfirst,pink,pattern-warmup1,2,2,1,,
Carlos,m,12,foodfirst,pink,pattern-warmup1,2,3,1,,
Carlos,m,12,foodfirst,pink,pattern-warmup1,2,4,0,,
Carlos,m,12,foodfirst,pink,pattern-warmup1,2,5,1,,
Carlos,m,12,foodfirst,pink,pattern-warmup1,2,6,0,,
Carlos,m,12,foodfirst,pink,pattern-warmup1,2,7,0,,
Carlos,m,12,foodfirst,pink,pattern-warmup1,2,8,1,,
Carlos,m,12,foodfirst,pink,pattern-warmup1,3,1,0,,
Carlos,m,12,foodfirst,pink,pattern-warmup1,3,2,1,,
Carlos,m,12,foodfirst,pink,pattern-warmup1,3,3,1,,
Carlos,m,12,foodfirst,pink,pattern-warmup1,3,4,0,,
Carlos,m,12,foodfirst,pink,pattern-warmup1,3,5,0,,
Carlos,m,12,foodfirst,pink,pattern-warmup1,3,6,1,,
Carlos,m,12,foodfirst,pink,pattern-warmup1,3,7,0,,
Carlos,m,12,foodfirst,pink,pattern-warmup1,3,8,1,,
Carlos,m,12,foodfirst,pink,pattern-warmup1,4,1,1,,
Carlos,m,12,foodfirst,pink,pattern-warmup1,4,2,0,,
Carlos,m,12,foodfirst,pink,pattern-warmup1,4,3,0,,
Carlos,m,12,foodfirst,pink,pattern-warmup1,4,4,1,,
Carlos,m,12,foodfirst,pink,pattern-warmup1,4,5,1,,
Carlos,m,12,foodfirst,pink,pattern-warmup1,4,6,0,,
Carlos,m,12,foodfirst,pink,pattern-warmup1,4,7,1,,
Carlos,m,12,foodfirst,pink,pattern-warmup1,4,8,0,,
Carlos,m,12,foodfirst,pink,pattern-warmup1,5,1,1,,
Carlos,m,12,foodfirst,pink,pattern-warmup1,5,2,1,,
Carlos,m,12,foodfirst,pink,pattern-warmup1,5,3,0,,
Carlos,m,12,foodfirst,pink,pattern-warmup1,5,4,1,,
Carlos,m,12,foodfirst,pink,pattern-warmup1,5,5,0,,
Carlos,m,12,foodfirst,pink,pattern-warmup1,5,6,0,,
Carlos,m,12,foodfirst,pink,pattern-warmup1,5,7,1,,
Carlos,m,12,foodfirst,pink,pattern-warmup1,5,8,0,,
Carlos,m,12,foodfirst,pink,pattern-warmup1,6,1,1,,
Carlos,m,12,foodfirst,pink,pattern-warmup1,6,2,0,,
Carlos,m,12,foodfirst,pink,pattern-warmup1,6,3,0,,
Carlos,m,12,foodfirst,pink,pattern-warmup1,6,4,1,,
Carlos,m,12,foodfirst,pink,pattern-warmup1,6,5,0,,
Carlos,m,12,foodfirst,pink,pattern-warmup1,6,6,1,,
Carlos,m,12,foodfirst,pink,pattern-warmup1,6,7,0,,
Carlos,m,12,foodfirst,pink,pattern-warmup1,6,8,1,,
Carlos,m,12,foodfirst,pink,pattern-warmup1,7,1,0,,
Carlos,m,12,foodfirst,pink,pattern-warmup1,7,2,1,,
Carlos,m,12,foodfirst,pink,pattern-warmup1,7,3,0,,
Carlos,m,12,foodfirst,pink,pattern-warmup1,7,4,1,,
Carlos,m,12,foodfirst,pink,pattern-warmup1,7,5,0,,
Carlos,m,12,foodfirst,pink,pattern-warmup1,7,6,1,,
Carlos,m,12,foodfirst,pink,pattern-warmup1,7,7,1,,
Carlos,m,12,foodfirst,pink,pattern-warmup1,7,8,0,,
Carlos,m,12,foodfirst,pink,pattern-warmup1,8,1,1,,
Carlos,m,12,foodfirst,pink,pattern-warmup1,8,2,0,,
Carlos,m,12,foodfirst,pink,pattern-warmup1,8,3,1,,
Carlos,m,12,foodfirst,pink,pattern-warmup1,8,4,0,,
Carlos,m,12,foodfirst,pink,pattern-warmup1,8,5,1,,
Carlos,m,12,foodfirst,pink,pattern-warmup1,8,6,0,,
Carlos,m,12,foodfirst,pink,pattern-warmup1,8,7,0,,
Carlos,m,12,foodfirst,pink,pattern-warmup1,8,8,1,,
Carlos,m,12,foodfirst,pink,pattern-warmup1,9,1,1,,
Carlos,m,12,foodfirst,pink,pattern-warmup1,9,2,0,,
Carlos,m,12,foodfirst,pink,pattern-warmup1,9,3,0,,
Carlos,m,12,foodfirst,pink,pattern-warmup1,9,4,1,,
Carlos,m,12,foodfirst,pink,pattern-warmup1,9,5,0,,
Carlos,m,12,foodfirst,pink,pattern-warmup1,9,6,1,,
Carlos,m,12,foodfirst,pink,pattern-warmup1,9,7,1,,
Carlos,m,12,foodfirst,pink,pattern-warmup1,9,8,1,,
Carlos,m,12,foodfirst,pink,pattern-warmup1,10,1,1,,
Carlos,m,12,foodfirst,pink,pattern-warmup1,10,2,1,,
Carlos,m,12,foodfirst,pink,pattern-warmup1,10,3,1,,
Carlos,m,12,foodfirst,pink,pattern-warmup1,10,4,1,,
Carlos,m,12,foodfirst,pink,pattern-warmup1,10,5,1,,
Carlos,m,12,foodfirst,pink,pattern-warmup1,10,6,1,,
Carlos,m,12,foodfirst,pink,pattern-warmup1,10,7,1,,
Carlos,m,12,foodfirst,pink,pattern-warmup1,10,8,1,,
Carlos,m,12,foodfirst,pink,pattern-warmup1,11,1,1,,
Carlos,m,12,foodfirst,pink,pattern-warmup1,11,2,1,,
Carlos,m,12,foodfirst,pink,pattern-warmup1,11,3,1,,
Carlos,m,12,foodfirst,pink,pattern-warmup1,11,4,1,,
Carlos,m,12,foodfirst,pink,pattern-warmup1,11,5,1,,
Carlos,m,12,foodfirst,pink,pattern-warmup1,11,6,1,,
Carlos,m,12,foodfirst,pink,pattern-warmup1,11,7,1,,
Carlos,m,12,foodfirst,pink,pattern-warmup1,11,8,1,,
Carlos,m,12,foodfirst,pink,pattern-warmup2,1,1,1,,
Carlos,m,12,foodfirst,pink,pattern-warmup2,1,2,1,,
Carlos,m,12,foodfirst,pink,pattern-warmup2,1,3,1,,
Carlos,m,12,foodfirst,pink,pattern-warmup2,1,4,1,,
Carlos,m,12,foodfirst,pink,pattern-warmup2,1,5,1,,
Carlos,m,12,foodfirst,pink,pattern-warmup2,1,6,1,,
Carlos,m,12,foodfirst,pink,pattern-warmup2,1,7,1,,
Carlos,m,12,foodfirst,pink,pattern-warmup2,1,8,1,,
Carlos,m,12,foodfirst,pink,pattern-warmup2,2,1,1,,
Carlos,m,12,foodfirst,pink,pattern-warmup2,2,2,1,,
Carlos,m,12,foodfirst,pink,pattern-warmup2,2,3,1,,
Carlos,m,12,foodfirst,pink,pattern-warmup2,2,4,1,,
Carlos,m,12,foodfirst,pink,pattern-warmup2,2,5,1,,
Carlos,m,12,foodfirst,pink,pattern-warmup2,2,6,1,,
Carlos,m,12,foodfirst,pink,pattern-warmup2,2,7,1,,
Carlos,m,12,foodfirst,pink,pattern-warmup2,2,8,1,,
Carlos,m,12,foodfirst,pink,pattern-test,1,1,1,food,1
Carlos,m,12,foodfirst,pink,pattern-test,1,2,1,food,1
Carlos,m,12,foodfirst,pink,pattern-test,1,3,1,food,1
Carlos,m,12,foodfirst,pink,pattern-test,1,4,1,food,1
Carlos,m,12,foodfirst,pink,pattern-test,1,5,1,food,1
Carlos,m,12,foodfirst,pink,pattern-test,1,6,1,food,1
Carlos,m,12,foodfirst,pink,pattern-test,1,7,1,food,1
Carlos,m,12,foodfirst,pink,pattern-test,1,8,1,food,1
Carlos,m,12,foodfirst,pink,pattern-test,2,1,1,food,1
Carlos,m,12,foodfirst,pink,pattern-test,2,2,1,food,1
Carlos,m,12,foodfirst,pink,pattern-test,2,3,1,food,1
Carlos,m,12,foodfirst,pink,pattern-test,2,4,1,food,1
Carlos,m,12,foodfirst,pink,pattern-test,2,5,1,food,1
Carlos,m,12,foodfirst,pink,pattern-test,2,6,1,food,1
Carlos,m,12,foodfirst,pink,pattern-test,2,7,1,food,1
Carlos,m,12,foodfirst,pink,pattern-test,2,8,1,food,1
Carlos,m,12,foodfirst,pink,pattern-transfer,1,1,0,stick,2
Carlos,m,12,foodfirst,pink,pattern-transfer,1,2,1,stick,2
Carlos,m,12,foodfirst,pink,pattern-transfer,1,3,1,stick,2
Carlos,m,12,foodfirst,pink,pattern-transfer,1,4,0,stick,2
Carlos,m,12,foodfirst,pink,pattern-transfer,1,5,0,stick,2
Carlos,m,12,foodfirst,pink,pattern-transfer,1,6,0,stick,2
Carlos,m,12,foodfirst,pink,pattern-transfer,1,7,0,stick,2
Carlos,m,12,foodfirst,pink,pattern-transfer,1,8,1,stick,2
Carlos,m,12,foodfirst,pink,pattern-transfer,2,1,1,stick,2
Carlos,m,12,foodfirst,pink,pattern-transfer,2,2,0,stick,2
Carlos,m,12,foodfirst,pink,pattern-transfer,2,3,0,stick,2
Carlos,m,12,foodfirst,pink,pattern-transfer,2,4,1,stick,2
Carlos,m,12,foodfirst,pink,pattern-transfer,2,5,1,stick,2
Carlos,m,12,foodfirst,pink,pattern-transfer,2,6,0,stick,2
Carlos,m,12,foodfirst,pink,pattern-transfer,2,7,1,stick,2
Carlos,m,12,foodfirst,pink,pattern-transfer,2,8,0,stick,2
Junon,f,18,stickfirst,blue,pattern-warmup1,1,1,0,,
Junon,f,18,stickfirst,blue,pattern-warmup1,1,2,0,,
Junon,f,18,stickfirst,blue,pattern-warmup1,1,3,0,,
Junon,f,18,stickfirst,blue,pattern-warmup1,1,4,1,,
Junon,f,18,stickfirst,blue,pattern-warmup1,1,5,1,,
Junon,f,18,stickfirst,blue,pattern-warmup1,1,6,1,,
Junon,f,18,stickfirst,blue,pattern-warmup1,1,7,1,,
Junon,f,18,stickfirst,blue,pattern-warmup1,1,8,1,,
Junon,f,18,stickfirst,blue,pattern-warmup1,2,1,1,,
Junon,f,18,stickfirst,blue,pattern-warmup1,2,2,1,,
Junon,f,18,stickfirst,blue,pattern-warmup1,2,3,1,,
Junon,f,18,stickfirst,blue,pattern-warmup1,2,4,1,,
Junon,f,18,stickfirst,blue,pattern-warmup1,2,5,1,,
Junon,f,18,stickfirst,blue,pattern-warmup1,2,6,1,,
Junon,f,18,stickfirst,blue,pattern-warmup1,2,7,1,,
Junon,f,18,stickfirst,blue,pattern-warmup1,2,8,1,,
Junon,f,18,stickfirst,blue,pattern-warmup1,3,1,1,,
Junon,f,18,stickfirst,blue,pattern-warmup1,3,2,0,,
Junon,f,18,stickfirst,blue,pattern-warmup1,3,3,0,,
Junon,f,18,stickfirst,blue,pattern-warmup1,3,4,1,,
Junon,f,18,stickfirst,blue,pattern-warmup1,3,5,1,,
Junon,f,18,stickfirst,blue,pattern-warmup1,3,6,0,,
Junon,f,18,stickfirst,blue,pattern-warmup1,3,7,1,,
Junon,f,18,stickfirst,blue,pattern-warmup1,3,8,1,,
Junon,f,18,stickfirst,blue,pattern-warmup1,4,1,1,,
Junon,f,18,stickfirst,blue,pattern-warmup1,4,2,0,,
Junon,f,18,stickfirst,blue,pattern-warmup1,4,3,0,,
Junon,f,18,stickfirst,blue,pattern-warmup1,4,4,1,,
Junon,f,18,stickfirst,blue,pattern-warmup1,4,5,1,,
Junon,f,18,stickfirst,blue,pattern-warmup1,4,6,1,,
Junon,f,18,stickfirst,blue,pattern-warmup1,4,7,1,,
Junon,f,18,stickfirst,blue,pattern-warmup1,4,8,1,,
Junon,f,18,stickfirst,blue,pattern-warmup1,5,1,1,,
Junon,f,18,stickfirst,blue,pattern-warmup1,5,2,1,,
Junon,f,18,stickfirst,blue,pattern-warmup1,5,3,1,,
Junon,f,18,stickfirst,blue,pattern-warmup1,5,4,1,,
Junon,f,18,stickfirst,blue,pattern-warmup1,5,5,1,,
Junon,f,18,stickfirst,blue,pattern-warmup1,5,6,1,,
Junon,f,18,stickfirst,blue,pattern-warmup1,5,7,1,,
Junon,f,18,stickfirst,blue,pattern-warmup1,5,8,1,,
Junon,f,18,stickfirst,blue,pattern-warmup2,1,1,1,,
Junon,f,18,stickfirst,blue,pattern-warmup2,1,2,1,,
Junon,f,18,stickfirst,blue,pattern-warmup2,1,3,1,,
Junon,f,18,stickfirst,blue,pattern-warmup2,1,4,1,,
Junon,f,18,stickfirst,blue,pattern-warmup2,1,5,1,,
Junon,f,18,stickfirst,blue,pattern-warmup2,1,6,1,,
Junon,f,18,stickfirst,blue,pattern-warmup2,1,7,1,,
Junon,f,18,stickfirst,blue,pattern-warmup2,1,8,1,,
Junon,f,18,stickfirst,blue,pattern-warmup2,2,1,1,,
Junon,f,18,stickfirst,blue,pattern-warmup2,2,2,1,,
Junon,f,18,stickfirst,blue,pattern-warmup2,2,3,1,,
Junon,f,18,stickfirst,blue,pattern-warmup2,2,4,1,,
Junon,f,18,stickfirst,blue,pattern-warmup2,2,5,1,,
Junon,f,18,stickfirst,blue,pattern-warmup2,2,6,1,,
Junon,f,18,stickfirst,blue,pattern-warmup2,2,7,1,,
Junon,f,18,stickfirst,blue,pattern-warmup2,2,8,1,,
Junon,f,18,stickfirst,blue,pattern-test,1,1,0,stick,1
Junon,f,18,stickfirst,blue,pattern-test,1,2,0,stick,1
Junon,f,18,stickfirst,blue,pattern-test,1,3,0,stick,1
Junon,f,18,stickfirst,blue,pattern-test,1,4,1,stick,1
Junon,f,18,stickfirst,blue,pattern-test,1,5,0,stick,1
Junon,f,18,stickfirst,blue,pattern-test,1,6,1,stick,1
Junon,f,18,stickfirst,blue,pattern-test,1,7,1,stick,1
Junon,f,18,stickfirst,blue,pattern-test,1,8,0,stick,1
Junon,f,18,stickfirst,blue,pattern-test,2,1,1,stick,1
Junon,f,18,stickfirst,blue,pattern-test,2,2,0,stick,1
Junon,f,18,stickfirst,blue,pattern-test,2,3,1,stick,1
Junon,f,18,stickfirst,blue,pattern-test,2,4,0,stick,1
Junon,f,18,stickfirst,blue,pattern-test,2,5,0,stick,1
Junon,f,18,stickfirst,blue,pattern-test,2,6,1,stick,1
Junon,f,18,stickfirst,blue,pattern-test,2,7,1,stick,1
Junon,f,18,stickfirst,blue,pattern-test,2,8,0,stick,1
Junon,f,18,stickfirst,blue,pattern-test,3,1,1,stick,1
Junon,f,18,stickfirst,blue,pattern-test,3,2,0,stick,1
Junon,f,18,stickfirst,blue,pattern-test,3,3,0,stick,1
Junon,f,18,stickfirst,blue,pattern-test,3,4,1,stick,1
Junon,f,18,stickfirst,blue,pattern-test,3,5,1,stick,1
Junon,f,18,stickfirst,blue,pattern-test,3,6,1,stick,1
Junon,f,18,stickfirst,blue,pattern-test,3,7,0,stick,1
Junon,f,18,stickfirst,blue,pattern-test,3,8,1,stick,1
Junon,f,18,stickfirst,blue,pattern-test,4,1,1,stick,1
Junon,f,18,stickfirst,blue,pattern-test,4,2,0,stick,1
Junon,f,18,stickfirst,blue,pattern-test,4,3,0,stick,1
Junon,f,18,stickfirst,blue,pattern-test,4,4,1,stick,1
Junon,f,18,stickfirst,blue,pattern-test,4,5,1,stick,1
Junon,f,18,stickfirst,blue,pattern-test,4,6,0,stick,1
Junon,f,18,stickfirst,blue,pattern-test,4,7,0,stick,1
Junon,f,18,stickfirst,blue,pattern-test,4,8,1,stick,1
Junon,f,18,stickfirst,blue,pattern-test,5,1,1,stick,1
Junon,f,18,stickfirst,blue,pattern-test,5,2,0,stick,1
Junon,f,18,stickfirst,blue,pattern-test,5,3,1,stick,1
Junon,f,18,stickfirst,blue,pattern-test,5,4,0,stick,1
Junon,f,18,stickfirst,blue,pattern-test,5,5,0,stick,1
Junon,f,18,stickfirst,blue,pattern-test,5,6,0,stick,1
Junon,f,18,stickfirst,blue,pattern-test,5,7,1,stick,1
Junon,f,18,stickfirst,blue,pattern-test,5,8,1,stick,1
Junon,f,18,stickfirst,blue,pattern-test,6,1,1,stick,1
Junon,f,18,stickfirst,blue,pattern-test,6,2,1,stick,1
Junon,f,18,stickfirst,blue,pattern-test,6,3,0,stick,1
Junon,f,18,stickfirst,blue,pattern-test,6,4,1,stick,1
Junon,f,18,stickfirst,blue,pattern-test,6,5,0,stick,1
Junon,f,18,stickfirst,blue,pattern-test,6,6,0,stick,1
Junon,f,18,stickfirst,blue,pattern-test,6,7,0,stick,1
Junon,f,18,stickfirst,blue,pattern-test,6,8,0,stick,1
Junon,f,18,stickfirst,blue,pattern-test,7,1,1,stick,1
Junon,f,18,stickfirst,blue,pattern-test,7,2,0,stick,1
Junon,f,18,stickfirst,blue,pattern-test,7,3,0,stick,1
Junon,f,18,stickfirst,blue,pattern-test,7,4,1,stick,1
Junon,f,18,stickfirst,blue,pattern-test,7,5,0,stick,1
Junon,f,18,stickfirst,blue,pattern-test,7,6,1,stick,1
Junon,f,18,stickfirst,blue,pattern-test,7,7,1,stick,1
Junon,f,18,stickfirst,blue,pattern-test,7,8,0,stick,1
Junon,f,18,stickfirst,blue,pattern-test,8,1,0,stick,1
Junon,f,18,stickfirst,blue,pattern-test,8,2,1,stick,1
Junon,f,18,stickfirst,blue,pattern-test,8,3,0,stick,1
Junon,f,18,stickfirst,blue,pattern-test,8,4,1,stick,1
Junon,f,18,stickfirst,blue,pattern-test,8,5,1,stick,1
Junon,f,18,stickfirst,blue,pattern-test,8,6,0,stick,1
Junon,f,18,stickfirst,blue,pattern-test,8,7,1,stick,1
Junon,f,18,stickfirst,blue,pattern-test,8,8,1,stick,1
Junon,f,18,stickfirst,blue,pattern-test,9,1,0,stick,1
Junon,f,18,stickfirst,blue,pattern-test,9,2,1,stick,1
Junon,f,18,stickfirst,blue,pattern-test,9,3,1,stick,1
Junon,f,18,stickfirst,blue,pattern-test,9,4,1,stick,1
Junon,f,18,stickfirst,blue,pattern-test,9,5,1,stick,1
Junon,f,18,stickfirst,blue,pattern-test,9,6,0,stick,1
Junon,f,18,stickfirst,blue,pattern-test,9,7,0,stick,1
Junon,f,18,stickfirst,blue,pattern-test,9,8,1,stick,1
Junon,f,18,stickfirst,blue,pattern-test,10,1,1,stick,1
Junon,f,18,stickfirst,blue,pattern-test,10,2,0,stick,1
Junon,f,18,stickfirst,blue,pattern-test,10,3,0,stick,1
Junon,f,18,stickfirst,blue,pattern-test,10,4,1,stick,1
Junon,f,18,stickfirst,blue,pattern-test,10,5,0,stick,1
Junon,f,18,stickfirst,blue,pattern-test,10,6,1,stick,1
Junon,f,18,stickfirst,blue,pattern-test,10,7,1,stick,1
Junon,f,18,stickfirst,blue,pattern-test,10,8,0,stick,1
Junon,f,18,stickfirst,blue,pattern-transfer,1,1,1,food,2
Junon,f,18,stickfirst,blue,pattern-transfer,1,2,0,food,2
Junon,f,18,stickfirst,blue,pattern-transfer,1,3,0,food,2
Junon,f,18,stickfirst,blue,pattern-transfer,1,4,1,food,2
Junon,f,18,stickfirst,blue,pattern-transfer,1,5,1,food,2
Junon,f,18,stickfirst,blue,pattern-transfer,1,6,1,food,2
Junon,f,18,stickfirst,blue,pattern-transfer,1,7,1,food,2
Junon,f,18,stickfirst,blue,pattern-transfer,1,8,1,food,2
Junon,f,18,stickfirst,blue,pattern-transfer,2,1,1,food,2
Junon,f,18,stickfirst,blue,pattern-transfer,2,2,1,food,2
Junon,f,18,stickfirst,blue,pattern-transfer,2,3,1,food,2
Junon,f,18,stickfirst,blue,pattern-transfer,2,4,1,food,2
Junon,f,18,stickfirst,blue,pattern-transfer,2,5,1,food,2
Junon,f,18,stickfirst,blue,pattern-transfer,2,6,0,food,2
Junon,f,18,stickfirst,blue,pattern-transfer,2,7,1,food,2
Junon,f,18,stickfirst,blue,pattern-transfer,2,8,0,food,2
Hazel,f,5,foodfirst,pink,pattern-warmup1,1,1,1,,
Hazel,f,5,foodfirst,pink,pattern-warmup1,1,2,1,,
Hazel,f,5,foodfirst,pink,pattern-warmup1,1,3,1,,
Hazel,f,5,foodfirst,pink,pattern-warmup1,1,4,1,,
Hazel,f,5,foodfirst,pink,pattern-warmup1,1,5,1,,
Hazel,f,5,foodfirst,pink,pattern-warmup1,1,6,1,,
Hazel,f,5,foodfirst,pink,pattern-warmup1,1,7,1,,
Hazel,f,5,foodfirst,pink,pattern-warmup1,1,8,1,,
Hazel,f,5,foodfirst,pink,pattern-warmup1,2,1,1,,
Hazel,f,5,foodfirst,pink,pattern-warmup1,2,2,1,,
Hazel,f,5,foodfirst,pink,pattern-warmup1,2,3,1,,
Hazel,f,5,foodfirst,pink,pattern-warmup1,2,4,0,,
Hazel,f,5,foodfirst,pink,pattern-warmup1,2,5,1,,
Hazel,f,5,foodfirst,pink,pattern-warmup1,2,6,1,,
Hazel,f,5,foodfirst,pink,pattern-warmup1,2,7,1,,
Hazel,f,5,foodfirst,pink,pattern-warmup1,2,8,1,,
Hazel,f,5,foodfirst,pink,pattern-warmup2,1,1,1,,
Hazel,f,5,foodfirst,pink,pattern-warmup2,1,2,1,,
Hazel,f,5,foodfirst,pink,pattern-warmup2,1,3,1,,
Hazel,f,5,foodfirst,pink,pattern-warmup2,1,4,1,,
Hazel,f,5,foodfirst,pink,pattern-warmup2,1,5,1,,
Hazel,f,5,foodfirst,pink,pattern-warmup2,1,6,1,,
Hazel,f,5,foodfirst,pink,pattern-warmup2,1,7,1,,
Hazel,f,5,foodfirst,pink,pattern-warmup2,1,8,1,,
Hazel,f,5,foodfirst,pink,pattern-warmup2,2,1,1,,
Hazel,f,5,foodfirst,pink,pattern-warmup2,2,2,1,,
Hazel,f,5,foodfirst,pink,pattern-warmup2,2,3,1,,
Hazel,f,5,foodfirst,pink,pattern-warmup2,2,4,1,,
Hazel,f,5,foodfirst,pink,pattern-warmup2,2,5,1,,
Hazel,f,5,foodfirst,pink,pattern-warmup2,2,6,1,,
Hazel,f,5,foodfirst,pink,pattern-warmup2,2,7,1,,
Hazel,f,5,foodfirst,pink,pattern-warmup2,2,8,1,,
Hazel,f,5,foodfirst,pink,pattern-test,1,1,1,food,1
Hazel,f,5,foodfirst,pink,pattern-test,1,2,1,food,1
Hazel,f,5,foodfirst,pink,pattern-test,1,3,0,food,1
Hazel,f,5,foodfirst,pink,pattern-test,1,4,1,food,1
Hazel,f,5,foodfirst,pink,pattern-test,1,5,0,food,1
Hazel,f,5,foodfirst,pink,pattern-test,1,6,1,food,1
Hazel,f,5,foodfirst,pink,pattern-test,1,7,1,food,1
Hazel,f,5,foodfirst,pink,pattern-test,1,8,1,food,1
Hazel,f,5,foodfirst,pink,pattern-test,2,1,1,food,1
Hazel,f,5,foodfirst,pink,pattern-test,2,2,1,food,1
Hazel,f,5,foodfirst,pink,pattern-test,2,3,1,food,1
Hazel,f,5,foodfirst,pink,pattern-test,2,4,1,food,1
Hazel,f,5,foodfirst,pink,pattern-test,2,5,0,food,1
Hazel,f,5,foodfirst,pink,pattern-test,2,6,1,food,1
Hazel,f,5,foodfirst,pink,pattern-test,2,7,1,food,1
Hazel,f,5,foodfirst,pink,pattern-test,2,8,0,food,1
Hazel,f,5,foodfirst,pink,pattern-test,3,1,1,food,1
Hazel,f,5,foodfirst,pink,pattern-test,3,2,0,food,1
Hazel,f,5,foodfirst,pink,pattern-test,3,3,1,food,1
Hazel,f,5,foodfirst,pink,pattern-test,3,4,0,food,1
Hazel,f,5,foodfirst,pink,pattern-test,3,5,1,food,1
Hazel,f,5,foodfirst,pink,pattern-test,3,6,1,food,1
Hazel,f,5,foodfirst,pink,pattern-test,3,7,1,food,1
Hazel,f,5,foodfirst,pink,pattern-test,3,8,1,food,1
Hazel,f,5,foodfirst,pink,pattern-test,4,1,1,food,1
Hazel,f,5,foodfirst,pink,pattern-test,4,2,0,food,1
Hazel,f,5,foodfirst,pink,pattern-test,4,3,1,food,1
Hazel,f,5,foodfirst,pink,pattern-test,4,4,0,food,1
Hazel,f,5,foodfirst,pink,pattern-test,4,5,1,food,1
Hazel,f,5,foodfirst,pink,pattern-test,4,6,1,food,1
Hazel,f,5,foodfirst,pink,pattern-test,4,7,0,food,1
Hazel,f,5,foodfirst,pink,pattern-test,4,8,1,food,1
Hazel,f,5,foodfirst,pink,pattern-test,5,1,1,food,1
Hazel,f,5,foodfirst,pink,pattern-test,5,2,1,food,1
Hazel,f,5,foodfirst,pink,pattern-test,5,3,1,food,1
Hazel,f,5,foodfirst,pink,pattern-test,5,4,1,food,1
Hazel,f,5,foodfirst,pink,pattern-test,5,5,1,food,1
Hazel,f,5,foodfirst,pink,pattern-test,5,6,1,food,1
Hazel,f,5,foodfirst,pink,pattern-test,5,7,1,food,1
Hazel,f,5,foodfirst,pink,pattern-test,5,8,0,food,1
Hazel,f,5,foodfirst,pink,pattern-test,6,1,1,food,1
Hazel,f,5,foodfirst,pink,pattern-test,6,2,1,food,1
Hazel,f,5,foodfirst,pink,pattern-test,6,3,0,food,1
Hazel,f,5,foodfirst,pink,pattern-test,6,4,1,food,1
Hazel,f,5,foodfirst,pink,pattern-test,6,5,0,food,1
Hazel,f,5,foodfirst,pink,pattern-test,6,6,1,food,1
Hazel,f,5,foodfirst,pink,pattern-test,6,7,1,food,1
Hazel,f,5,foodfirst,pink,pattern-test,6,8,1,food,1
Hazel,f,5,foodfirst,pink,pattern-test,7,1,1,food,1
Hazel,f,5,foodfirst,pink,pattern-test,7,2,1,food,1
Hazel,f,5,foodfirst,pink,pattern-test,7,3,1,food,1
Hazel,f,5,foodfirst,pink,pattern-test,7,4,0,food,1
Hazel,f,5,foodfirst,pink,pattern-test,7,5,0,food,1
Hazel,f,5,foodfirst,pink,pattern-test,7,6,1,food,1
Hazel,f,5,foodfirst,pink,pattern-test,7,7,0,food,1
Hazel,f,5,foodfirst,pink,pattern-test,7,8,1,food,1
Hazel,f,5,foodfirst,pink,pattern-test,8,1,0,food,1
Hazel,f,5,foodfirst,pink,pattern-test,8,2,1,food,1
Hazel,f,5,foodfirst,pink,pattern-test,8,3,1,food,1
Hazel,f,5,foodfirst,pink,pattern-test,8,4,1,food,1
Hazel,f,5,foodfirst,pink,pattern-test,8,5,0,food,1
Hazel,f,5,foodfirst,pink,pattern-test,8,6,1,food,1
Hazel,f,5,foodfirst,pink,pattern-test,8,7,0,food,1
Hazel,f,5,foodfirst,pink,pattern-test,8,8,1,food,1
Hazel,f,5,foodfirst,pink,pattern-test,9,1,0,food,1
Hazel,f,5,foodfirst,pink,pattern-test,9,2,1,food,1
Hazel,f,5,foodfirst,pink,pattern-test,9,3,1,food,1
Hazel,f,5,foodfirst,pink,pattern-test,9,4,0,food,1
Hazel,f,5,foodfirst,pink,pattern-test,9,5,0,food,1
Hazel,f,5,foodfirst,pink,pattern-test,9,6,1,food,1
Hazel,f,5,foodfirst,pink,pattern-test,9,7,0,food,1
Hazel,f,5,foodfirst,pink,pattern-test,9,8,1,food,1
Hazel,f,5,foodfirst,pink,pattern-test,10,1,0,food,1
Hazel,f,5,foodfirst,pink,pattern-test,10,2,1,food,1
Hazel,f,5,foodfirst,pink,pattern-test,10,3,1,food,1
Hazel,f,5,foodfirst,pink,pattern-test,10,4,0,food,1
Hazel,f,5,foodfirst,pink,pattern-test,10,5,0,food,1
Hazel,f,5,foodfirst,pink,pattern-test,10,6,1,food,1
Hazel,f,5,foodfirst,pink,pattern-test,10,7,0,food,1
Hazel,f,5,foodfirst,pink,pattern-test,10,8,1,food,1
Hazel,f,5,foodfirst,pink,pattern-transfer,1,1,0,stick,2
Hazel,f,5,foodfirst,pink,pattern-transfer,1,2,1,stick,2
Hazel,f,5,foodfirst,pink,pattern-transfer,1,3,1,stick,2
Hazel,f,5,foodfirst,pink,pattern-transfer,1,4,0,stick,2
Hazel,f,5,foodfirst,pink,pattern-transfer,1,5,1,stick,2
Hazel,f,5,foodfirst,pink,pattern-transfer,1,6,0,stick,2
Hazel,f,5,foodfirst,pink,pattern-transfer,1,7,0,stick,2
Hazel,f,5,foodfirst,pink,pattern-transfer,1,8,1,stick,2
Hazel,f,5,foodfirst,pink,pattern-transfer,2,1,1,stick,2
Hazel,f,5,foodfirst,pink,pattern-transfer,2,2,0,stick,2
Hazel,f,5,foodfirst,pink,pattern-transfer,2,3,0,stick,2
Hazel,f,5,foodfirst,pink,pattern-transfer,2,4,1,stick,2
Hazel,f,5,foodfirst,pink,pattern-transfer,2,5,1,stick,2
Hazel,f,5,foodfirst,pink,pattern-transfer,2,6,0,stick,2
Hazel,f,5,foodfirst,pink,pattern-transfer,2,7,1,stick,2
Hazel,f,5,foodfirst,pink,pattern-transfer,2,8,0,stick,2
Luna,f,7,foodfirst,pink,pattern-warmup1,1,1,1,,
Luna,f,7,foodfirst,pink,pattern-warmup1,1,2,0,,
Luna,f,7,foodfirst,pink,pattern-warmup1,1,3,0,,
Luna,f,7,foodfirst,pink,pattern-warmup1,1,4,1,,
Luna,f,7,foodfirst,pink,pattern-warmup1,1,5,1,,
Luna,f,7,foodfirst,pink,pattern-warmup1,1,6,0,,
Luna,f,7,foodfirst,pink,pattern-warmup1,1,7,1,,
Luna,f,7,foodfirst,pink,pattern-warmup1,1,8,0,,
Luna,f,7,foodfirst,pink,pattern-warmup1,2,1,1,,
Luna,f,7,foodfirst,pink,pattern-warmup1,2,2,1,,
Luna,f,7,foodfirst,pink,pattern-warmup1,2,3,1,,
Luna,f,7,foodfirst,pink,pattern-warmup1,2,4,1,,
Luna,f,7,foodfirst,pink,pattern-warmup1,2,5,1,,
Luna,f,7,foodfirst,pink,pattern-warmup1,2,6,1,,
Luna,f,7,foodfirst,pink,pattern-warmup1,2,7,1,,
Luna,f,7,foodfirst,pink,pattern-warmup1,2,8,1,,
Luna,f,7,foodfirst,pink,pattern-warmup1,3,1,1,,
Luna,f,7,foodfirst,pink,pattern-warmup1,3,2,1,,
Luna,f,7,foodfirst,pink,pattern-warmup1,3,3,1,,
Luna,f,7,foodfirst,pink,pattern-warmup1,3,4,1,,
Luna,f,7,foodfirst,pink,pattern-warmup1,3,5,1,,
Luna,f,7,foodfirst,pink,pattern-warmup1,3,6,1,,
Luna,f,7,foodfirst,pink,pattern-warmup1,3,7,1,,
Luna,f,7,foodfirst,pink,pattern-warmup1,3,8,1,,
Luna,f,7,foodfirst,pink,pattern-warmup2,1,1,1,,
Luna,f,7,foodfirst,pink,pattern-warmup2,1,2,1,,
Luna,f,7,foodfirst,pink,pattern-warmup2,1,3,1,,
Luna,f,7,foodfirst,pink,pattern-warmup2,1,4,1,,
Luna,f,7,foodfirst,pink,pattern-warmup2,1,5,1,,
Luna,f,7,foodfirst,pink,pattern-warmup2,1,6,1,,
Luna,f,7,foodfirst,pink,pattern-warmup2,1,7,1,,
Luna,f,7,foodfirst,pink,pattern-warmup2,1,8,1,,
Luna,f,7,foodfirst,pink,pattern-warmup2,2,1,1,,
Luna,f,7,foodfirst,pink,pattern-warmup2,2,2,1,,
Luna,f,7,foodfirst,pink,pattern-warmup2,2,3,1,,
Luna,f,7,foodfirst,pink,pattern-warmup2,2,4,1,,
Luna,f,7,foodfirst,pink,pattern-warmup2,2,5,1,,
Luna,f,7,foodfirst,pink,pattern-warmup2,2,6,1,,
Luna,f,7,foodfirst,pink,pattern-warmup2,2,7,1,,
Luna,f,7,foodfirst,pink,pattern-warmup2,2,8,1,,
Luna,f,7,foodfirst,pink,pattern-test,1,1,1,food,1
Luna,f,7,foodfirst,pink,pattern-test,1,2,1,food,1
Luna,f,7,foodfirst,pink,pattern-test,1,3,1,food,1
Luna,f,7,foodfirst,pink,pattern-test,1,4,0,food,1
Luna,f,7,foodfirst,pink,pattern-test,1,5,1,food,1
Luna,f,7,foodfirst,pink,pattern-test,1,6,0,food,1
Luna,f,7,foodfirst,pink,pattern-test,1,7,0,food,1
Luna,f,7,foodfirst,pink,pattern-test,1,8,1,food,1
Luna,f,7,foodfirst,pink,pattern-test,2,1,1,food,1
Luna,f,7,foodfirst,pink,pattern-test,2,2,0,food,1
Luna,f,7,foodfirst,pink,pattern-test,2,3,1,food,1
Luna,f,7,foodfirst,pink,pattern-test,2,4,1,food,1
Luna,f,7,foodfirst,pink,pattern-test,2,5,1,food,1
Luna,f,7,foodfirst,pink,pattern-test,2,6,0,food,1
Luna,f,7,foodfirst,pink,pattern-test,2,7,1,food,1
Luna,f,7,foodfirst,pink,pattern-test,2,8,0,food,1
Luna,f,7,foodfirst,pink,pattern-test,3,1,1,food,1
Luna,f,7,foodfirst,pink,pattern-test,3,2,0,food,1
Luna,f,7,foodfirst,pink,pattern-test,3,3,0,food,1
Luna,f,7,foodfirst,pink,pattern-test,3,4,1,food,1
Luna,f,7,foodfirst,pink,pattern-test,3,5,1,food,1
Luna,f,7,foodfirst,pink,pattern-test,3,6,0,food,1
Luna,f,7,foodfirst,pink,pattern-test,3,7,1,food,1
Luna,f,7,foodfirst,pink,pattern-test,3,8,0,food,1
Luna,f,7,foodfirst,pink,pattern-test,4,1,1,food,1
Luna,f,7,foodfirst,pink,pattern-test,4,2,0,food,1
Luna,f,7,foodfirst,pink,pattern-test,4,3,0,food,1
Luna,f,7,foodfirst,pink,pattern-test,4,4,1,food,1
Luna,f,7,foodfirst,pink,pattern-test,4,5,1,food,1
Luna,f,7,foodfirst,pink,pattern-test,4,6,0,food,1
Luna,f,7,foodfirst,pink,pattern-test,4,7,1,food,1
Luna,f,7,foodfirst,pink,pattern-test,4,8,0,food,1
Luna,f,7,foodfirst,pink,pattern-test,5,1,1,food,1
Luna,f,7,foodfirst,pink,pattern-test,5,2,1,food,1
Luna,f,7,foodfirst,pink,pattern-test,5,3,1,food,1
Luna,f,7,foodfirst,pink,pattern-test,5,4,1,food,1
Luna,f,7,foodfirst,pink,pattern-test,5,5,1,food,1
Luna,f,7,foodfirst,pink,pattern-test,5,6,1,food,1
Luna,f,7,foodfirst,pink,pattern-test,5,7,1,food,1
Luna,f,7,foodfirst,pink,pattern-test,5,8,0,food,1
Luna,f,7,foodfirst,pink,pattern-test,6,1,0,food,1
Luna,f,7,foodfirst,pink,pattern-test,6,2,1,food,1
Luna,f,7,foodfirst,pink,pattern-test,6,3,1,food,1
Luna,f,7,foodfirst,pink,pattern-test,6,4,1,food,1
Luna,f,7,foodfirst,pink,pattern-test,6,5,1,food,1
Luna,f,7,foodfirst,pink,pattern-test,6,6,1,food,1
Luna,f,7,foodfirst,pink,pattern-test,6,7,0,food,1
Luna,f,7,foodfirst,pink,pattern-test,6,8,0,food,1
Luna,f,7,foodfirst,pink,pattern-test,7,1,1,food,1
Luna,f,7,foodfirst,pink,pattern-test,7,2,0,food,1
Luna,f,7,foodfirst,pink,pattern-test,7,3,0,food,1
Luna,f,7,foodfirst,pink,pattern-test,7,4,1,food,1
Luna,f,7,foodfirst,pink,pattern-test,7,5,1,food,1
Luna,f,7,foodfirst,pink,pattern-test,7,6,0,food,1
Luna,f,7,foodfirst,pink,pattern-test,7,7,1,food,1
Luna,f,7,foodfirst,pink,pattern-test,7,8,0,food,1
Luna,f,7,foodfirst,pink,pattern-test,8,1,1,food,1
Luna,f,7,foodfirst,pink,pattern-test,8,2,0,food,1
Luna,f,7,foodfirst,pink,pattern-test,8,3,1,food,1
Luna,f,7,foodfirst,pink,pattern-test,8,4,1,food,1
Luna,f,7,foodfirst,pink,pattern-test,8,5,1,food,1
Luna,f,7,foodfirst,pink,pattern-test,8,6,0,food,1
Luna,f,7,foodfirst,pink,pattern-test,8,7,1,food,1
Luna,f,7,foodfirst,pink,pattern-test,8,8,0,food,1
Luna,f,7,foodfirst,pink,pattern-test,9,1,1,food,1
Luna,f,7,foodfirst,pink,pattern-test,9,2,0,food,1
Luna,f,7,foodfirst,pink,pattern-test,9,3,0,food,1
Luna,f,7,foodfirst,pink,pattern-test,9,4,1,food,1
Luna,f,7,foodfirst,pink,pattern-test,9,5,1,food,1
Luna,f,7,foodfirst,pink,pattern-test,9,6,0,food,1
Luna,f,7,foodfirst,pink,pattern-test,9,7,1,food,1
Luna,f,7,foodfirst,pink,pattern-test,9,8,1,food,1
Luna,f,7,foodfirst,pink,pattern-test,10,1,1,food,1
Luna,f,7,foodfirst,pink,pattern-test,10,2,0,food,1
Luna,f,7,foodfirst,pink,pattern-test,10,3,0,food,1
Luna,f,7,foodfirst,pink,pattern-test,10,4,1,food,1
Luna,f,7,foodfirst,pink,pattern-test,10,5,1,food,1
Luna,f,7,foodfirst,pink,pattern-test,10,6,0,food,1
Luna,f,7,foodfirst,pink,pattern-test,10,7,1,food,1
Luna,f,7,foodfirst,pink,pattern-test,10,8,0,food,1
Luna,f,7,foodfirst,pink,pattern-transfer,1,1,1,stick,2
Luna,f,7,foodfirst,pink,pattern-transfer,1,2,0,stick,2
Luna,f,7,foodfirst,pink,pattern-transfer,1,3,1,stick,2
Luna,f,7,foodfirst,pink,pattern-transfer,1,4,1,stick,2
Luna,f,7,foodfirst,pink,pattern-transfer,1,5,0,stick,2
Luna,f,7,foodfirst,pink,pattern-transfer,1,6,1,stick,2
Luna,f,7,foodfirst,pink,pattern-transfer,1,7,1,stick,2
Luna,f,7,foodfirst,pink,pattern-transfer,1,8,0,stick,2
Luna,f,7,foodfirst,pink,pattern-transfer,2,1,0,stick,2
Luna,f,7,foodfirst,pink,pattern-transfer,2,2,1,stick,2
Luna,f,7,foodfirst,pink,pattern-transfer,2,3,1,stick,2
Luna,f,7,foodfirst,pink,pattern-transfer,2,4,0,stick,2
Luna,f,7,foodfirst,pink,pattern-transfer,2,5,0,stick,2
Luna,f,7,foodfirst,pink,pattern-transfer,2,6,1,stick,2
Luna,f,7,foodfirst,pink,pattern-transfer,2,7,0,stick,2
Luna,f,7,foodfirst,pink,pattern-transfer,2,8,0,stick,2
Rosa,f,8,foodfirst,pink,pattern-warmup1,1,1,1,,
Rosa,f,8,foodfirst,pink,pattern-warmup1,1,2,1,,
Rosa,f,8,foodfirst,pink,pattern-warmup1,1,3,0,,
Rosa,f,8,foodfirst,pink,pattern-warmup1,1,4,1,,
Rosa,f,8,foodfirst,pink,pattern-warmup1,1,5,0,,
Rosa,f,8,foodfirst,pink,pattern-warmup1,1,6,1,,
Rosa,f,8,foodfirst,pink,pattern-warmup1,1,7,1,,
Rosa,f,8,foodfirst,pink,pattern-warmup1,1,8,0,,
Rosa,f,8,foodfirst,pink,pattern-warmup1,2,1,1,,
Rosa,f,8,foodfirst,pink,pattern-warmup1,2,2,1,,
Rosa,f,8,foodfirst,pink,pattern-warmup1,2,3,1,,
Rosa,f,8,foodfirst,pink,pattern-warmup1,2,4,0,,
Rosa,f,8,foodfirst,pink,pattern-warmup1,2,5,1,,
Rosa,f,8,foodfirst,pink,pattern-warmup1,2,6,0,,
Rosa,f,8,foodfirst,pink,pattern-warmup1,2,7,0,,
Rosa,f,8,foodfirst,pink,pattern-warmup1,2,8,1,,
Rosa,f,8,foodfirst,pink,pattern-warmup1,3,1,1,,
Rosa,f,8,foodfirst,pink,pattern-warmup1,3,2,1,,
Rosa,f,8,foodfirst,pink,pattern-warmup1,3,3,0,,
Rosa,f,8,foodfirst,pink,pattern-warmup1,3,4,1,,
Rosa,f,8,foodfirst,pink,pattern-warmup1,3,5,1,,
Rosa,f,8,foodfirst,pink,pattern-warmup1,3,6,0,,
Rosa,f,8,foodfirst,pink,pattern-warmup1,3,7,1,,
Rosa,f,8,foodfirst,pink,pattern-warmup1,3,8,1,,
Rosa,f,8,foodfirst,pink,pattern-warmup1,4,1,1,,
Rosa,f,8,foodfirst,pink,pattern-warmup1,4,2,0,,
Rosa,f,8,foodfirst,pink,pattern-warmup1,4,3,1,,
Rosa,f,8,foodfirst,pink,pattern-warmup1,4,4,1,,
Rosa,f,8,foodfirst,pink,pattern-warmup1,4,5,1,,
Rosa,f,8,foodfirst,pink,pattern-warmup1,4,6,1,,
Rosa,f,8,foodfirst,pink,pattern-warmup1,4,7,1,,
Rosa,f,8,foodfirst,pink,pattern-warmup1,4,8,0,,
Rosa,f,8,foodfirst,pink,pattern-warmup1,5,1,1,,
Rosa,f,8,foodfirst,pink,pattern-warmup1,5,2,1,,
Rosa,f,8,foodfirst,pink,pattern-warmup1,5,3,0,,
Rosa,f,8,foodfirst,pink,pattern-warmup1,5,4,1,,
Rosa,f,8,foodfirst,pink,pattern-warmup1,5,5,1,,
Rosa,f,8,foodfirst,pink,pattern-warmup1,5,6,0,,
Rosa,f,8,foodfirst,pink,pattern-warmup1,5,7,1,,
Rosa,f,8,foodfirst,pink,pattern-warmup1,5,8,1,,
Rosa,f,8,foodfirst,pink,pattern-warmup1,6,1,1,,
Rosa,f,8,foodfirst,pink,pattern-warmup1,6,2,1,,
Rosa,f,8,foodfirst,pink,pattern-warmup1,6,3,1,,
Rosa,f,8,foodfirst,pink,pattern-warmup1,6,4,1,,
Rosa,f,8,foodfirst,pink,pattern-warmup1,6,5,1,,
Rosa,f,8,foodfirst,pink,pattern-warmup1,6,6,1,,
Rosa,f,8,foodfirst,pink,pattern-warmup1,6,7,1,,
Rosa,f,8,foodfirst,pink,pattern-warmup1,6,8,1,,
Rosa,f,8,foodfirst,pink,pattern-warmup2,1,1,1,,
Rosa,f,8,foodfirst,pink,pattern-warmup2,1,2,1,,
Rosa,f,8,foodfirst,pink,pattern-warmup2,1,3,1,,
Rosa,f,8,foodfirst,pink,pattern-warmup2,1,4,1,,
Rosa,f,8,foodfirst,pink,pattern-warmup2,1,5,1,,
Rosa,f,8,foodfirst,pink,pattern-warmup2,1,6,1,,
Rosa,f,8,foodfirst,pink,pattern-warmup2,1,7,1,,
Rosa,f,8,foodfirst,pink,pattern-warmup2,1,8,1,,
Rosa,f,8,foodfirst,pink,pattern-warmup2,2,1,1,,
Rosa,f,8,foodfirst,pink,pattern-warmup2,2,2,1,,
Rosa,f,8,foodfirst,pink,pattern-warmup2,2,3,1,,
Rosa,f,8,foodfirst,pink,pattern-warmup2,2,4,1,,
Rosa,f,8,foodfirst,pink,pattern-warmup2,2,5,1,,
Rosa,f,8,foodfirst,pink,pattern-warmup2,2,6,1,,
Rosa,f,8,foodfirst,pink,pattern-warmup2,2,7,1,,
Rosa,f,8,foodfirst,pink,pattern-warmup2,2,8,1,,
Rosa,f,8,foodfirst,pink,pattern-test,1,1,1,food,1
Rosa,f,8,foodfirst,pink,pattern-test,1,2,0,food,1
Rosa,f,8,foodfirst,pink,pattern-test,1,3,0,food,1
Rosa,f,8,foodfirst,pink,pattern-test,1,4,1,food,1
Rosa,f,8,foodfirst,pink,pattern-test,1,5,0,food,1
Rosa,f,8,foodfirst,pink,pattern-test,1,6,1,food,1
Rosa,f,8,foodfirst,pink,pattern-test,1,7,1,food,1
Rosa,f,8,foodfirst,pink,pattern-test,1,8,1,food,1
Rosa,f,8,foodfirst,pink,pattern-test,2,1,0,food,1
Rosa,f,8,foodfirst,pink,pattern-test,2,2,1,food,1
Rosa,f,8,foodfirst,pink,pattern-test,2,3,1,food,1
Rosa,f,8,foodfirst,pink,pattern-test,2,4,0,food,1
Rosa,f,8,foodfirst,pink,pattern-test,2,5,0,food,1
Rosa,f,8,foodfirst,pink,pattern-test,2,6,1,food,1
Rosa,f,8,foodfirst,pink,pattern-test,2,7,0,food,1
Rosa,f,8,foodfirst,pink,pattern-test,2,8,1,food,1
Rosa,f,8,foodfirst,pink,pattern-test,3,1,0,food,1
Rosa,f,8,foodfirst,pink,pattern-test,3,2,1,food,1
Rosa,f,8,foodfirst,pink,pattern-test,3,3,1,food,1
Rosa,f,8,foodfirst,pink,pattern-test,3,4,0,food,1
Rosa,f,8,foodfirst,pink,pattern-test,3,5,0,food,1
Rosa,f,8,foodfirst,pink,pattern-test,3,6,1,food,1
Rosa,f,8,foodfirst,pink,pattern-test,3,7,0,food,1
Rosa,f,8,foodfirst,pink,pattern-test,3,8,1,food,1
Rosa,f,8,foodfirst,pink,pattern-test,4,1,0,food,1
Rosa,f,8,foodfirst,pink,pattern-test,4,2,1,food,1
Rosa,f,8,foodfirst,pink,pattern-test,4,3,1,food,1
Rosa,f,8,foodfirst,pink,pattern-test,4,4,1,food,1
Rosa,f,8,foodfirst,pink,pattern-test,4,5,0,food,1
Rosa,f,8,foodfirst,pink,pattern-test,4,6,1,food,1
Rosa,f,8,foodfirst,pink,pattern-test,4,7,0,food,1
Rosa,f,8,foodfirst,pink,pattern-test,4,8,1,food,1
Rosa,f,8,foodfirst,pink,pattern-test,5,1,0,food,1
Rosa,f,8,foodfirst,pink,pattern-test,5,2,1,food,1
Rosa,f,8,foodfirst,pink,pattern-test,5,3,1,food,1
Rosa,f,8,foodfirst,pink,pattern-test,5,4,0,food,1
Rosa,f,8,foodfirst,pink,pattern-test,5,5,0,food,1
Rosa,f,8,foodfirst,pink,pattern-test,5,6,1,food,1
Rosa,f,8,foodfirst,pink,pattern-test,5,7,0,food,1
Rosa,f,8,foodfirst,pink,pattern-test,5,8,1,food,1
Rosa,f,8,foodfirst,pink,pattern-test,6,1,0,food,1
Rosa,f,8,foodfirst,pink,pattern-test,6,2,1,food,1
Rosa,f,8,foodfirst,pink,pattern-test,6,3,1,food,1
Rosa,f,8,foodfirst,pink,pattern-test,6,4,0,food,1
Rosa,f,8,foodfirst,pink,pattern-test,6,5,0,food,1
Rosa,f,8,foodfirst,pink,pattern-test,6,6,1,food,1
Rosa,f,8,foodfirst,pink,pattern-test,6,7,0,food,1
Rosa,f,8,foodfirst,pink,pattern-test,6,8,1,food,1
Rosa,f,8,foodfirst,pink,pattern-test,7,1,0,food,1
Rosa,f,8,foodfirst,pink,pattern-test,7,2,1,food,1
Rosa,f,8,foodfirst,pink,pattern-test,7,3,1,food,1
Rosa,f,8,foodfirst,pink,pattern-test,7,4,0,food,1
Rosa,f,8,foodfirst,pink,pattern-test,7,5,0,food,1
Rosa,f,8,foodfirst,pink,pattern-test,7,6,1,food,1
Rosa,f,8,foodfirst,pink,pattern-test,7,7,0,food,1
Rosa,f,8,foodfirst,pink,pattern-test,7,8,1,food,1
Rosa,f,8,foodfirst,pink,pattern-test,8,1,0,food,1
Rosa,f,8,foodfirst,pink,pattern-test,8,2,1,food,1
Rosa,f,8,foodfirst,pink,pattern-test,8,3,1,food,1
Rosa,f,8,foodfirst,pink,pattern-test,8,4,0,food,1
Rosa,f,8,foodfirst,pink,pattern-test,8,5,0,food,1
Rosa,f,8,foodfirst,pink,pattern-test,8,6,1,food,1
Rosa,f,8,foodfirst,pink,pattern-test,8,7,0,food,1
Rosa,f,8,foodfirst,pink,pattern-test,8,8,1,food,1
Rosa,f,8,foodfirst,pink,pattern-test,9,1,0,food,1
Rosa,f,8,foodfirst,pink,pattern-test,9,2,1,food,1
Rosa,f,8,foodfirst,pink,pattern-test,9,3,1,food,1
Rosa,f,8,foodfirst,pink,pattern-test,9,4,0,food,1
Rosa,f,8,foodfirst,pink,pattern-test,9,5,0,food,1
Rosa,f,8,foodfirst,pink,pattern-test,9,6,1,food,1
Rosa,f,8,foodfirst,pink,pattern-test,9,7,0,food,1
Rosa,f,8,foodfirst,pink,pattern-test,9,8,1,food,1
Rosa,f,8,foodfirst,pink,pattern-test,10,1,0,food,1
Rosa,f,8,foodfirst,pink,pattern-test,10,2,1,food,1
Rosa,f,8,foodfirst,pink,pattern-test,10,3,1,food,1
Rosa,f,8,foodfirst,pink,pattern-test,10,4,0,food,1
Rosa,f,8,foodfirst,pink,pattern-test,10,5,0,food,1
Rosa,f,8,foodfirst,pink,pattern-test,10,6,1,food,1
Rosa,f,8,foodfirst,pink,pattern-test,10,7,0,food,1
Rosa,f,8,foodfirst,pink,pattern-test,10,8,1,food,1
Rosa,f,8,foodfirst,pink,pattern-transfer,1,1,0,stick,2
Rosa,f,8,foodfirst,pink,pattern-transfer,1,2,1,stick,2
Rosa,f,8,foodfirst,pink,pattern-transfer,1,3,1,stick,2
Rosa,f,8,foodfirst,pink,pattern-transfer,1,4,0,stick,2
Rosa,f,8,foodfirst,pink,pattern-transfer,1,5,1,stick,2
Rosa,f,8,foodfirst,pink,pattern-transfer,1,6,0,stick,2
Rosa,f,8,foodfirst,pink,pattern-transfer,1,7,0,stick,2
Rosa,f,8,foodfirst,pink,pattern-transfer,1,8,1,stick,2
Rosa,f,8,foodfirst,pink,pattern-transfer,2,1,1,stick,2
Rosa,f,8,foodfirst,pink,pattern-transfer,2,2,0,stick,2
Rosa,f,8,foodfirst,pink,pattern-transfer,2,3,0,stick,2
Rosa,f,8,foodfirst,pink,pattern-transfer,2,4,1,stick,2
Rosa,f,8,foodfirst,pink,pattern-transfer,2,5,1,stick,2
Rosa,f,8,foodfirst,pink,pattern-transfer,2,6,0,stick,2
Rosa,f,8,foodfirst,pink,pattern-transfer,2,7,1,stick,2
Rosa,f,8,foodfirst,pink,pattern-transfer,2,8,0,stick,2
Inti,m,9,foodfirst,pink,pattern-warmup1,1,1,1,,
Inti,m,9,foodfirst,pink,pattern-warmup1,1,2,1,,
Inti,m,9,foodfirst,pink,pattern-warmup1,1,3,0,,
Inti,m,9,foodfirst,pink,pattern-warmup1,1,4,1,,
Inti,m,9,foodfirst,pink,pattern-warmup1,1,5,1,,
Inti,m,9,foodfirst,pink,pattern-warmup1,1,6,1,,
Inti,m,9,foodfirst,pink,pattern-warmup1,1,7,1,,
Inti,m,9,foodfirst,pink,pattern-warmup1,1,8,1,,
Inti,m,9,foodfirst,pink,pattern-warmup1,2,1,1,,
Inti,m,9,foodfirst,pink,pattern-warmup1,2,2,1,,
Inti,m,9,foodfirst,pink,pattern-warmup1,2,3,1,,
Inti,m,9,foodfirst,pink,pattern-warmup1,2,4,1,,
Inti,m,9,foodfirst,pink,pattern-warmup1,2,5,1,,
Inti,m,9,foodfirst,pink,pattern-warmup1,2,6,1,,
Inti,m,9,foodfirst,pink,pattern-warmup1,2,7,1,,
Inti,m,9,foodfirst,pink,pattern-warmup1,2,8,1,,
Inti,m,9,foodfirst,pink,pattern-warmup2,1,1,1,,
Inti,m,9,foodfirst,pink,pattern-warmup2,1,2,1,,
Inti,m,9,foodfirst,pink,pattern-warmup2,1,3,1,,
Inti,m,9,foodfirst,pink,pattern-warmup2,1,4,1,,
Inti,m,9,foodfirst,pink,pattern-warmup2,1,5,1,,
Inti,m,9,foodfirst,pink,pattern-warmup2,1,6,1,,
Inti,m,9,foodfirst,pink,pattern-warmup2,1,7,1,,
Inti,m,9,foodfirst,pink,pattern-warmup2,1,8,1,,
Inti,m,9,foodfirst,pink,pattern-warmup2,2,1,1,,
Inti,m,9,foodfirst,pink,pattern-warmup2,2,2,1,,
Inti,m,9,foodfirst,pink,pattern-warmup2,2,3,1,,
Inti,m,9,foodfirst,pink,pattern-warmup2,2,4,1,,
Inti,m,9,foodfirst,pink,pattern-warmup2,2,5,1,,
Inti,m,9,foodfirst,pink,pattern-warmup2,2,6,1,,
Inti,m,9,foodfirst,pink,pattern-warmup2,2,7,1,,
Inti,m,9,foodfirst,pink,pattern-warmup2,2,8,1,,
Inti,m,9,foodfirst,pink,pattern-test,1,1,1,food,1
Inti,m,9,foodfirst,pink,pattern-test,1,2,0,food,1
Inti,m,9,foodfirst,pink,pattern-test,1,3,1,food,1
Inti,m,9,foodfirst,pink,pattern-test,1,4,1,food,1
Inti,m,9,foodfirst,pink,pattern-test,1,5,1,food,1
Inti,m,9,foodfirst,pink,pattern-test,1,6,1,food,1
Inti,m,9,foodfirst,pink,pattern-test,1,7,1,food,1
Inti,m,9,foodfirst,pink,pattern-test,1,8,0,food,1
Inti,m,9,foodfirst,pink,pattern-test,2,1,0,food,1
Inti,m,9,foodfirst,pink,pattern-test,2,2,1,food,1
Inti,m,9,foodfirst,pink,pattern-test,2,3,0,food,1
Inti,m,9,foodfirst,pink,pattern-test,2,4,0,food,1
Inti,m,9,foodfirst,pink,pattern-test,2,5,1,food,1
Inti,m,9,foodfirst,pink,pattern-test,2,6,0,food,1
Inti,m,9,foodfirst,pink,pattern-test,2,7,1,food,1
Inti,m,9,foodfirst,pink,pattern-test,2,8,0,food,1
Inti,m,9,foodfirst,pink,pattern-test,3,1,1,food,1
Inti,m,9,foodfirst,pink,pattern-test,3,2,0,food,1
Inti,m,9,foodfirst,pink,pattern-test,3,3,0,food,1
Inti,m,9,foodfirst,pink,pattern-test,3,4,1,food,1
Inti,m,9,foodfirst,pink,pattern-test,3,5,0,food,1
Inti,m,9,foodfirst,pink,pattern-test,3,6,1,food,1
Inti,m,9,foodfirst,pink,pattern-test,3,7,1,food,1
Inti,m,9,foodfirst,pink,pattern-test,3,8,1,food,1
Inti,m,9,foodfirst,pink,pattern-test,4,1,0,food,1
Inti,m,9,foodfirst,pink,pattern-test,4,2,1,food,1
Inti,m,9,foodfirst,pink,pattern-test,4,3,1,food,1
Inti,m,9,foodfirst,pink,pattern-test,4,4,1,food,1
Inti,m,9,foodfirst,pink,pattern-test,4,5,1,food,1
Inti,m,9,foodfirst,pink,pattern-test,4,6,1,food,1
Inti,m,9,foodfirst,pink,pattern-test,4,7,0,food,1
Inti,m,9,foodfirst,pink,pattern-test,4,8,1,food,1
Inti,m,9,foodfirst,pink,pattern-test,5,1,1,food,1
Inti,m,9,foodfirst,pink,pattern-test,5,2,1,food,1
Inti,m,9,foodfirst,pink,pattern-test,5,3,1,food,1
Inti,m,9,foodfirst,pink,pattern-test,5,4,1,food,1
Inti,m,9,foodfirst,pink,pattern-test,5,5,1,food,1
Inti,m,9,foodfirst,pink,pattern-test,5,6,1,food,1
Inti,m,9,foodfirst,pink,pattern-test,5,7,1,food,1
Inti,m,9,foodfirst,pink,pattern-test,5,8,0,food,1
Inti,m,9,foodfirst,pink,pattern-test,6,1,0,food,1
Inti,m,9,foodfirst,pink,pattern-test,6,2,1,food,1
Inti,m,9,foodfirst,pink,pattern-test,6,3,0,food,1
Inti,m,9,foodfirst,pink,pattern-test,6,4,1,food,1
Inti,m,9,foodfirst,pink,pattern-test,6,5,0,food,1
Inti,m,9,foodfirst,pink,pattern-test,6,6,1,food,1
Inti,m,9,foodfirst,pink,pattern-test,6,7,0,food,1
Inti,m,9,foodfirst,pink,pattern-test,6,8,1,food,1
Inti,m,9,foodfirst,pink,pattern-test,7,1,0,food,1
Inti,m,9,foodfirst,pink,pattern-test,7,2,0,food,1
Inti,m,9,foodfirst,pink,pattern-test,7,3,0,food,1
Inti,m,9,foodfirst,pink,pattern-test,7,4,1,food,1
Inti,m,9,foodfirst,pink,pattern-test,7,5,1,food,1
Inti,m,9,foodfirst,pink,pattern-test,7,6,0,food,1
Inti,m,9,foodfirst,pink,pattern-test,7,7,1,food,1
Inti,m,9,foodfirst,pink,pattern-test,7,8,1,food,1
Inti,m,9,foodfirst,pink,pattern-test,8,1,1,food,1
Inti,m,9,foodfirst,pink,pattern-test,8,2,1,food,1
Inti,m,9,foodfirst,pink,pattern-test,8,3,1,food,1
Inti,m,9,foodfirst,pink,pattern-test,8,4,1,food,1
Inti,m,9,foodfirst,pink,pattern-test,8,5,1,food,1
Inti,m,9,foodfirst,pink,pattern-test,8,6,0,food,1
Inti,m,9,foodfirst,pink,pattern-test,8,7,1,food,1
Inti,m,9,foodfirst,pink,pattern-test,8,8,0,food,1
Inti,m,9,foodfirst,pink,pattern-test,9,1,0,food,1
Inti,m,9,foodfirst,pink,pattern-test,9,2,0,food,1
Inti,m,9,foodfirst,pink,pattern-test,9,3,0,food,1
Inti,m,9,foodfirst,pink,pattern-test,9,4,1,food,1
Inti,m,9,foodfirst,pink,pattern-test,9,5,0,food,1
Inti,m,9,foodfirst,pink,pattern-test,9,6,1,food,1
Inti,m,9,foodfirst,pink,pattern-test,9,7,0,food,1
Inti,m,9,foodfirst,pink,pattern-test,9,8,1,food,1
Inti,m,9,foodfirst,pink,pattern-test,10,1,0,food,1
Inti,m,9,foodfirst,pink,pattern-test,10,2,1,food,1
Inti,m,9,foodfirst,pink,pattern-test,10,3,1,food,1
Inti,m,9,foodfirst,pink,pattern-test,10,4,0,food,1
Inti,m,9,foodfirst,pink,pattern-test,10,5,1,food,1
Inti,m,9,foodfirst,pink,pattern-test,10,6,0,food,1
Inti,m,9,foodfirst,pink,pattern-test,10,7,0,food,1
Inti,m,9,foodfirst,pink,pattern-test,10,8,0,food,1
Inti,m,9,foodfirst,pink,pattern-transfer,1,1,0,stick,2
Inti,m,9,foodfirst,pink,pattern-transfer,1,2,1,stick,2
Inti,m,9,foodfirst,pink,pattern-transfer,1,3,1,stick,2
Inti,m,9,foodfirst,pink,pattern-transfer,1,4,0,stick,2
Inti,m,9,foodfirst,pink,pattern-transfer,1,5,1,stick,2
Inti,m,9,foodfirst,pink,pattern-transfer,1,6,1,stick,2
Inti,m,9,foodfirst,pink,pattern-transfer,1,7,0,stick,2
Inti,m,9,foodfirst,pink,pattern-transfer,1,8,0,stick,2
Inti,m,9,foodfirst,pink,pattern-transfer,2,1,1,stick,2
Inti,m,9,foodfirst,pink,pattern-transfer,2,2,0,stick,2
Inti,m,9,foodfirst,pink,pattern-transfer,2,3,1,stick,2
Inti,m,9,foodfirst,pink,pattern-transfer,2,4,1,stick,2
Inti,m,9,foodfirst,pink,pattern-transfer,2,5,0,stick,2
Inti,m,9,foodfirst,pink,pattern-transfer,2,6,0,stick,2
Inti,m,9,foodfirst,pink,pattern-transfer,2,7,0,stick,2
Inti,m,9,foodfirst,pink,pattern-transfer,2,8,0,stick,2
Torres,m,7,stickfirst,blue,pattern-warmup1,1,1,1,,
Torres,m,7,stickfirst,blue,pattern-warmup1,1,2,1,,
Torres,m,7,stickfirst,blue,pattern-warmup1,1,3,1,,
Torres,m,7,stickfirst,blue,pattern-warmup1,1,4,1,,
Torres,m,7,stickfirst,blue,pattern-warmup1,1,5,0,,
Torres,m,7,stickfirst,blue,pattern-warmup1,1,6,1,,
Torres,m,7,stickfirst,blue,pattern-warmup1,1,7,1,,
Torres,m,7,stickfirst,blue,pattern-warmup1,1,8,1,,
Torres,m,7,stickfirst,blue,pattern-warmup1,2,1,1,,
Torres,m,7,stickfirst,blue,pattern-warmup1,2,2,1,,
Torres,m,7,stickfirst,blue,pattern-warmup1,2,3,1,,
Torres,m,7,stickfirst,blue,pattern-warmup1,2,4,0,,
Torres,m,7,stickfirst,blue,pattern-warmup1,2,5,1,,
Torres,m,7,stickfirst,blue,pattern-warmup1,2,6,1,,
Torres,m,7,stickfirst,blue,pattern-warmup1,2,7,0,,
Torres,m,7,stickfirst,blue,pattern-warmup1,2,8,1,,
Torres,m,7,stickfirst,blue,pattern-warmup1,3,1,1,,
Torres,m,7,stickfirst,blue,pattern-warmup1,3,2,1,,
Torres,m,7,stickfirst,blue,pattern-warmup1,3,3,1,,
Torres,m,7,stickfirst,blue,pattern-warmup1,3,4,1,,
Torres,m,7,stickfirst,blue,pattern-warmup1,3,5,1,,
Torres,m,7,stickfirst,blue,pattern-warmup1,3,6,1,,
Torres,m,7,stickfirst,blue,pattern-warmup1,3,7,1,,
Torres,m,7,stickfirst,blue,pattern-warmup1,3,8,1,,
Torres,m,7,stickfirst,blue,pattern-warmup2,1,1,1,,
Torres,m,7,stickfirst,blue,pattern-warmup2,1,2,1,,
Torres,m,7,stickfirst,blue,pattern-warmup2,1,3,1,,
Torres,m,7,stickfirst,blue,pattern-warmup2,1,4,1,,
Torres,m,7,stickfirst,blue,pattern-warmup2,1,5,1,,
Torres,m,7,stickfirst,blue,pattern-warmup2,1,6,1,,
Torres,m,7,stickfirst,blue,pattern-warmup2,1,7,1,,
Torres,m,7,stickfirst,blue,pattern-warmup2,1,8,1,,
Torres,m,7,stickfirst,blue,pattern-warmup2,2,1,1,,
Torres,m,7,stickfirst,blue,pattern-warmup2,2,2,1,,
Torres,m,7,stickfirst,blue,pattern-warmup2,2,3,1,,
Torres,m,7,stickfirst,blue,pattern-warmup2,2,4,1,,
Torres,m,7,stickfirst,blue,pattern-warmup2,2,5,1,,
Torres,m,7,stickfirst,blue,pattern-warmup2,2,6,1,,
Torres,m,7,stickfirst,blue,pattern-warmup2,2,7,1,,
Torres,m,7,stickfirst,blue,pattern-warmup2,2,8,1,,
Torres,m,7,stickfirst,blue,pattern-test,1,1,1,stick,1
Torres,m,7,stickfirst,blue,pattern-test,1,2,0,stick,1
Torres,m,7,stickfirst,blue,pattern-test,1,3,1,stick,1
Torres,m,7,stickfirst,blue,pattern-test,1,4,1,stick,1
Torres,m,7,stickfirst,blue,pattern-test,1,5,1,stick,1
Torres,m,7,stickfirst,blue,pattern-test,1,6,0,stick,1
Torres,m,7,stickfirst,blue,pattern-test,1,7,0,stick,1
Torres,m,7,stickfirst,blue,pattern-test,1,8,0,stick,1
Torres,m,7,stickfirst,blue,pattern-test,2,1,1,stick,1
Torres,m,7,stickfirst,blue,pattern-test,2,2,1,stick,1
Torres,m,7,stickfirst,blue,pattern-test,2,3,0,stick,1
Torres,m,7,stickfirst,blue,pattern-test,2,4,1,stick,1
Torres,m,7,stickfirst,blue,pattern-test,2,5,1,stick,1
Torres,m,7,stickfirst,blue,pattern-test,2,6,0,stick,1
Torres,m,7,stickfirst,blue,pattern-test,2,7,1,stick,1
Torres,m,7,stickfirst,blue,pattern-test,2,8,0,stick,1
Torres,m,7,stickfirst,blue,pattern-test,3,1,1,stick,1
Torres,m,7,stickfirst,blue,pattern-test,3,2,1,stick,1
Torres,m,7,stickfirst,blue,pattern-test,3,3,1,stick,1
Torres,m,7,stickfirst,blue,pattern-test,3,4,0,stick,1
Torres,m,7,stickfirst,blue,pattern-test,3,5,0,stick,1
Torres,m,7,stickfirst,blue,pattern-test,3,6,1,stick,1
Torres,m,7,stickfirst,blue,pattern-test,3,7,1,stick,1
Torres,m,7,stickfirst,blue,pattern-test,3,8,1,stick,1
Torres,m,7,stickfirst,blue,pattern-test,4,1,1,stick,1
Torres,m,7,stickfirst,blue,pattern-test,4,2,0,stick,1
Torres,m,7,stickfirst,blue,pattern-test,4,3,0,stick,1
Torres,m,7,stickfirst,blue,pattern-test,4,4,0,stick,1
Torres,m,7,stickfirst,blue,pattern-test,4,5,1,stick,1
Torres,m,7,stickfirst,blue,pattern-test,4,6,0,stick,1
Torres,m,7,stickfirst,blue,pattern-test,4,7,0,stick,1
Torres,m,7,stickfirst,blue,pattern-test,4,8,1,stick,1
Torres,m,7,stickfirst,blue,pattern-test,5,1,1,stick,1
Torres,m,7,stickfirst,blue,pattern-test,5,2,1,stick,1
Torres,m,7,stickfirst,blue,pattern-test,5,3,0,stick,1
Torres,m,7,stickfirst,blue,pattern-test,5,4,1,stick,1
Torres,m,7,stickfirst,blue,pattern-test,5,5,0,stick,1
Torres,m,7,stickfirst,blue,pattern-test,5,6,1,stick,1
Torres,m,7,stickfirst,blue,pattern-test,5,7,0,stick,1
Torres,m,7,stickfirst,blue,pattern-test,5,8,1,stick,1
Torres,m,7,stickfirst,blue,pattern-test,6,1,1,stick,1
Torres,m,7,stickfirst,blue,pattern-test,6,2,0,stick,1
Torres,m,7,stickfirst,blue,pattern-test,6,3,0,stick,1
Torres,m,7,stickfirst,blue,pattern-test,6,4,1,stick,1
Torres,m,7,stickfirst,blue,pattern-test,6,5,0,stick,1
Torres,m,7,stickfirst,blue,pattern-test,6,6,0,stick,1
Torres,m,7,stickfirst,blue,pattern-test,6,7,1,stick,1
Torres,m,7,stickfirst,blue,pattern-test,6,8,0,stick,1
Torres,m,7,stickfirst,blue,pattern-test,7,1,1,stick,1
Torres,m,7,stickfirst,blue,pattern-test,7,2,0,stick,1
Torres,m,7,stickfirst,blue,pattern-test,7,3,1,stick,1
Torres,m,7,stickfirst,blue,pattern-test,7,4,0,stick,1
Torres,m,7,stickfirst,blue,pattern-test,7,5,1,stick,1
Torres,m,7,stickfirst,blue,pattern-test,7,6,1,stick,1
Torres,m,7,stickfirst,blue,pattern-test,7,7,1,stick,1
Torres,m,7,stickfirst,blue,pattern-test,7,8,0,stick,1
Torres,m,7,stickfirst,blue,pattern-test,8,1,1,stick,1
Torres,m,7,stickfirst,blue,pattern-test,8,2,1,stick,1
Torres,m,7,stickfirst,blue,pattern-test,8,3,1,stick,1
Torres,m,7,stickfirst,blue,pattern-test,8,4,1,stick,1
Torres,m,7,stickfirst,blue,pattern-test,8,5,0,stick,1
Torres,m,7,stickfirst,blue,pattern-test,8,6,1,stick,1
Torres,m,7,stickfirst,blue,pattern-test,8,7,1,stick,1
Torres,m,7,stickfirst,blue,pattern-test,8,8,0,stick,1
Torres,m,7,stickfirst,blue,pattern-test,9,1,1,stick,1
Torres,m,7,stickfirst,blue,pattern-test,9,2,1,stick,1
Torres,m,7,stickfirst,blue,pattern-test,9,3,0,stick,1
Torres,m,7,stickfirst,blue,pattern-test,9,4,1,stick,1
Torres,m,7,stickfirst,blue,pattern-test,9,5,0,stick,1
Torres,m,7,stickfirst,blue,pattern-test,9,6,1,stick,1
Torres,m,7,stickfirst,blue,pattern-test,9,7,1,stick,1
Torres,m,7,stickfirst,blue,pattern-test,9,8,0,stick,1
Torres,m,7,stickfirst,blue,pattern-test,10,1,1,stick,1
Torres,m,7,stickfirst,blue,pattern-test,10,2,1,stick,1
Torres,m,7,stickfirst,blue,pattern-test,10,3,0,stick,1
Torres,m,7,stickfirst,blue,pattern-test,10,4,0,stick,1
Torres,m,7,stickfirst,blue,pattern-test,10,5,1,stick,1
Torres,m,7,stickfirst,blue,pattern-test,10,6,0,stick,1
Torres,m,7,stickfirst,blue,pattern-test,10,7,0,stick,1
Torres,m,7,stickfirst,blue,pattern-test,10,8,1,stick,1
Torres,m,7,stickfirst,blue,pattern-transfer,1,1,0,food,2
Torres,m,7,stickfirst,blue,pattern-transfer,1,2,1,food,2
Torres,m,7,stickfirst,blue,pattern-transfer,1,3,0,food,2
Torres,m,7,stickfirst,blue,pattern-transfer,1,4,0,food,2
Torres,m,7,stickfirst,blue,pattern-transfer,1,5,1,food,2
Torres,m,7,stickfirst,blue,pattern-transfer,1,6,1,food,2
Torres,m,7,stickfirst,blue,pattern-transfer,1,7,1,food,2
Torres,m,7,stickfirst,blue,pattern-transfer,1,8,0,food,2
Torres,m,7,stickfirst,blue,pattern-transfer,2,1,1,food,2
Torres,m,7,stickfirst,blue,pattern-transfer,2,2,0,food,2
Torres,m,7,stickfirst,blue,pattern-transfer,2,3,1,food,2
Torres,m,7,stickfirst,blue,pattern-transfer,2,4,0,food,2
Torres,m,7,stickfirst,blue,pattern-transfer,2,5,0,food,2
Torres,m,7,stickfirst,blue,pattern-transfer,2,6,1,food,2
Torres,m,7,stickfirst,blue,pattern-transfer,2,7,0,food,2
Torres,m,7,stickfirst,blue,pattern-transfer,2,8,1,food,2
Alba,f,6,foodfirst,blue,pattern-warmup1,1,1,0,,
Alba,f,6,foodfirst,blue,pattern-warmup1,1,2,1,,
Alba,f,6,foodfirst,blue,pattern-warmup1,1,3,1,,
Alba,f,6,foodfirst,blue,pattern-warmup1,1,4,0,,
Alba,f,6,foodfirst,blue,pattern-warmup1,1,5,1,,
Alba,f,6,foodfirst,blue,pattern-warmup1,1,6,1,,
Alba,f,6,foodfirst,blue,pattern-warmup1,1,7,1,,
Alba,f,6,foodfirst,blue,pattern-warmup1,1,8,1,,
Alba,f,6,foodfirst,blue,pattern-warmup1,2,1,1,,
Alba,f,6,foodfirst,blue,pattern-warmup1,2,2,1,,
Alba,f,6,foodfirst,blue,pattern-warmup1,2,3,1,,
Alba,f,6,foodfirst,blue,pattern-warmup1,2,4,1,,
Alba,f,6,foodfirst,blue,pattern-warmup1,2,5,1,,
Alba,f,6,foodfirst,blue,pattern-warmup1,2,6,1,,
Alba,f,6,foodfirst,blue,pattern-warmup1,2,7,1,,
Alba,f,6,foodfirst,blue,pattern-warmup1,2,8,1,,
Alba,f,6,foodfirst,blue,pattern-warmup2,1,1,0,,
Alba,f,6,foodfirst,blue,pattern-warmup2,1,2,1,,
Alba,f,6,foodfirst,blue,pattern-warmup2,1,3,1,,
Alba,f,6,foodfirst,blue,pattern-warmup2,1,4,1,,
Alba,f,6,foodfirst,blue,pattern-warmup2,1,5,1,,
Alba,f,6,foodfirst,blue,pattern-warmup2,1,6,1,,
Alba,f,6,foodfirst,blue,pattern-warmup2,1,7,1,,
Alba,f,6,foodfirst,blue,pattern-warmup2,1,8,1,,
Alba,f,6,foodfirst,blue,pattern-warmup2,2,1,1,,
Alba,f,6,foodfirst,blue,pattern-warmup2,2,2,1,,
Alba,f,6,foodfirst,blue,pattern-warmup2,2,3,1,,
Alba,f,6,foodfirst,blue,pattern-warmup2,2,4,1,,
Alba,f,6,foodfirst,blue,pattern-warmup2,2,5,1,,
Alba,f,6,foodfirst,blue,pattern-warmup2,2,6,1,,
Alba,f,6,foodfirst,blue,pattern-warmup2,2,7,1,,
Alba,f,6,foodfirst,blue,pattern-warmup2,2,8,1,,
Alba,f,6,foodfirst,blue,pattern-test,1,1,1,food,1
Alba,f,6,foodfirst,blue,pattern-test,1,2,1,food,1
Alba,f,6,foodfirst,blue,pattern-test,1,3,1,food,1
Alba,f,6,foodfirst,blue,pattern-test,1,4,1,food,1
Alba,f,6,foodfirst,blue,pattern-test,1,5,0,food,1
Alba,f,6,foodfirst,blue,pattern-test,1,6,1,food,1
Alba,f,6,foodfirst,blue,pattern-test,1,7,1,food,1
Alba,f,6,foodfirst,blue,pattern-test,1,8,0,food,1
Alba,f,6,foodfirst,blue,pattern-test,2,1,0,food,1
Alba,f,6,foodfirst,blue,pattern-test,2,2,1,food,1
Alba,f,6,foodfirst,blue,pattern-test,2,3,1,food,1
Alba,f,6,foodfirst,blue,pattern-test,2,4,0,food,1
Alba,f,6,foodfirst,blue,pattern-test,2,5,0,food,1
Alba,f,6,foodfirst,blue,pattern-test,2,6,1,food,1
Alba,f,6,foodfirst,blue,pattern-test,2,7,0,food,1
Alba,f,6,foodfirst,blue,pattern-test,2,8,1,food,1
Alba,f,6,foodfirst,blue,pattern-test,3,1,0,food,1
Alba,f,6,foodfirst,blue,pattern-test,3,2,1,food,1
Alba,f,6,foodfirst,blue,pattern-test,3,3,1,food,1
Alba,f,6,foodfirst,blue,pattern-test,3,4,0,food,1
Alba,f,6,foodfirst,blue,pattern-test,3,5,0,food,1
Alba,f,6,foodfirst,blue,pattern-test,3,6,1,food,1
Alba,f,6,foodfirst,blue,pattern-test,3,7,0,food,1
Alba,f,6,foodfirst,blue,pattern-test,3,8,1,food,1
Alba,f,6,foodfirst,blue,pattern-test,4,1,0,food,1
Alba,f,6,foodfirst,blue,pattern-test,4,2,1,food,1
Alba,f,6,foodfirst,blue,pattern-test,4,3,1,food,1
Alba,f,6,foodfirst,blue,pattern-test,4,4,0,food,1
Alba,f,6,foodfirst,blue,pattern-test,4,5,0,food,1
Alba,f,6,foodfirst,blue,pattern-test,4,6,1,food,1
Alba,f,6,foodfirst,blue,pattern-test,4,7,0,food,1
Alba,f,6,foodfirst,blue,pattern-test,4,8,1,food,1
Alba,f,6,foodfirst,blue,pattern-test,5,1,0,food,1
Alba,f,6,foodfirst,blue,pattern-test,5,2,1,food,1
Alba,f,6,foodfirst,blue,pattern-test,5,3,1,food,1
Alba,f,6,foodfirst,blue,pattern-test,5,4,0,food,1
Alba,f,6,foodfirst,blue,pattern-test,5,5,0,food,1
Alba,f,6,foodfirst,blue,pattern-test,5,6,1,food,1
Alba,f,6,foodfirst,blue,pattern-test,5,7,0,food,1
Alba,f,6,foodfirst,blue,pattern-test,5,8,1,food,1
Alba,f,6,foodfirst,blue,pattern-test,6,1,1,food,1
Alba,f,6,foodfirst,blue,pattern-test,6,2,1,food,1
Alba,f,6,foodfirst,blue,pattern-test,6,3,1,food,1
Alba,f,6,foodfirst,blue,pattern-test,6,4,0,food,1
Alba,f,6,foodfirst,blue,pattern-test,6,5,0,food,1
Alba,f,6,foodfirst,blue,pattern-test,6,6,1,food,1
Alba,f,6,foodfirst,blue,pattern-test,6,7,0,food,1
Alba,f,6,foodfirst,blue,pattern-test,6,8,1,food,1
Alba,f,6,foodfirst,blue,pattern-test,7,1,1,food,1
Alba,f,6,foodfirst,blue,pattern-test,7,2,1,food,1
Alba,f,6,foodfirst,blue,pattern-test,7,3,1,food,1
Alba,f,6,foodfirst,blue,pattern-test,7,4,0,food,1
Alba,f,6,foodfirst,blue,pattern-test,7,5,0,food,1
Alba,f,6,foodfirst,blue,pattern-test,7,6,1,food,1
Alba,f,6,foodfirst,blue,pattern-test,7,7,0,food,1
Alba,f,6,foodfirst,blue,pattern-test,7,8,1,food,1
Alba,f,6,foodfirst,blue,pattern-test,8,1,0,food,1
Alba,f,6,foodfirst,blue,pattern-test,8,2,1,food,1
Alba,f,6,foodfirst,blue,pattern-test,8,3,1,food,1
Alba,f,6,foodfirst,blue,pattern-test,8,4,0,food,1
Alba,f,6,foodfirst,blue,pattern-test,8,5,0,food,1
Alba,f,6,foodfirst,blue,pattern-test,8,6,1,food,1
Alba,f,6,foodfirst,blue,pattern-test,8,7,0,food,1
Alba,f,6,foodfirst,blue,pattern-test,8,8,1,food,1
Alba,f,6,foodfirst,blue,pattern-test,9,1,0,food,1
Alba,f,6,foodfirst,blue,pattern-test,9,2,1,food,1
Alba,f,6,foodfirst,blue,pattern-test,9,3,1,food,1
Alba,f,6,foodfirst,blue,pattern-test,9,4,0,food,1
Alba,f,6,foodfirst,blue,pattern-test,9,5,0,food,1
Alba,f,6,foodfirst,blue,pattern-test,9,6,1,food,1
Alba,f,6,foodfirst,blue,pattern-test,9,7,0,food,1
Alba,f,6,foodfirst,blue,pattern-test,9,8,1,food,1
Alba,f,6,foodfirst,blue,pattern-test,10,1,0,food,1
Alba,f,6,foodfirst,blue,pattern-test,10,2,1,food,1
Alba,f,6,foodfirst,blue,pattern-test,10,3,1,food,1
Alba,f,6,foodfirst,blue,pattern-test,10,4,0,food,1
Alba,f,6,foodfirst,blue,pattern-test,10,5,0,food,1
Alba,f,6,foodfirst,blue,pattern-test,10,6,1,food,1
Alba,f,6,foodfirst,blue,pattern-test,10,7,0,food,1
Alba,f,6,foodfirst,blue,pattern-test,10,8,1,food,1
Alba,f,6,foodfirst,blue,pattern-transfer,1,1,0,stick,2
Alba,f,6,foodfirst,blue,pattern-transfer,1,2,1,stick,2
Alba,f,6,foodfirst,blue,pattern-transfer,1,3,1,stick,2
Alba,f,6,foodfirst,blue,pattern-transfer,1,4,1,stick,2
Alba,f,6,foodfirst,blue,pattern-transfer,1,5,1,stick,2
Alba,f,6,foodfirst,blue,pattern-transfer,1,6,0,stick,2
Alba,f,6,foodfirst,blue,pattern-transfer,1,7,0,stick,2
Alba,f,6,foodfirst,blue,pattern-transfer,1,8,1,stick,2
Alba,f,6,foodfirst,blue,pattern-transfer,2,1,1,stick,2
Alba,f,6,foodfirst,blue,pattern-transfer,2,2,0,stick,2
Alba,f,6,foodfirst,blue,pattern-transfer,2,3,0,stick,2
Alba,f,6,foodfirst,blue,pattern-transfer,2,4,1,stick,2
Alba,f,6,foodfirst,blue,pattern-transfer,2,5,1,stick,2
Alba,f,6,foodfirst,blue,pattern-transfer,2,6,0,stick,2
Alba,f,6,foodfirst,blue,pattern-transfer,2,7,1,stick,2
Alba,f,6,foodfirst,blue,pattern-transfer,2,8,0,stick,2
Ximo,m,8,foodfirst,blue,pattern-warmup1,1,1,1,,
Ximo,m,8,foodfirst,blue,pattern-warmup1,1,2,1,,
Ximo,m,8,foodfirst,blue,pattern-warmup1,1,3,1,,
Ximo,m,8,foodfirst,blue,pattern-warmup1,1,4,1,,
Ximo,m,8,foodfirst,blue,pattern-warmup1,1,5,1,,
Ximo,m,8,foodfirst,blue,pattern-warmup1,1,6,1,,
Ximo,m,8,foodfirst,blue,pattern-warmup1,1,7,1,,
Ximo,m,8,foodfirst,blue,pattern-warmup1,1,8,0,,
Ximo,m,8,foodfirst,blue,pattern-warmup1,2,1,1,,
Ximo,m,8,foodfirst,blue,pattern-warmup1,2,2,1,,
Ximo,m,8,foodfirst,blue,pattern-warmup1,2,3,1,,
Ximo,m,8,foodfirst,blue,pattern-warmup1,2,4,0,,
Ximo,m,8,foodfirst,blue,pattern-warmup1,2,5,1,,
Ximo,m,8,foodfirst,blue,pattern-warmup1,2,6,1,,
Ximo,m,8,foodfirst,blue,pattern-warmup1,2,7,1,,
Ximo,m,8,foodfirst,blue,pattern-warmup1,2,8,1,,
Ximo,m,8,foodfirst,blue,pattern-warmup2,1,1,1,,
Ximo,m,8,foodfirst,blue,pattern-warmup2,1,2,1,,
Ximo,m,8,foodfirst,blue,pattern-warmup2,1,3,1,,
Ximo,m,8,foodfirst,blue,pattern-warmup2,1,4,1,,
Ximo,m,8,foodfirst,blue,pattern-warmup2,1,5,1,,
Ximo,m,8,foodfirst,blue,pattern-warmup2,1,6,1,,
Ximo,m,8,foodfirst,blue,pattern-warmup2,1,7,1,,
Ximo,m,8,foodfirst,blue,pattern-warmup2,1,8,1,,
Ximo,m,8,foodfirst,blue,pattern-warmup2,2,1,1,,
Ximo,m,8,foodfirst,blue,pattern-warmup2,2,2,1,,
Ximo,m,8,foodfirst,blue,pattern-warmup2,2,3,1,,
Ximo,m,8,foodfirst,blue,pattern-warmup2,2,4,1,,
Ximo,m,8,foodfirst,blue,pattern-warmup2,2,5,1,,
Ximo,m,8,foodfirst,blue,pattern-warmup2,2,6,1,,
Ximo,m,8,foodfirst,blue,pattern-warmup2,2,7,1,,
Ximo,m,8,foodfirst,blue,pattern-warmup2,2,8,1,,
Ximo,m,8,foodfirst,blue,pattern-test,1,1,1,food,1
Ximo,m,8,foodfirst,blue,pattern-test,1,2,0,food,1
Ximo,m,8,foodfirst,blue,pattern-test,1,3,0,food,1
Ximo,m,8,foodfirst,blue,pattern-test,1,4,1,food,1
Ximo,m,8,foodfirst,blue,pattern-test,1,5,0,food,1
Ximo,m,8,foodfirst,blue,pattern-test,1,6,1,food,1
Ximo,m,8,foodfirst,blue,pattern-test,1,7,1,food,1
Ximo,m,8,foodfirst,blue,pattern-test,1,8,0,food,1
Ximo,m,8,foodfirst,blue,pattern-test,2,1,1,food,1
Ximo,m,8,foodfirst,blue,pattern-test,2,2,1,food,1
Ximo,m,8,foodfirst,blue,pattern-test,2,3,1,food,1
Ximo,m,8,foodfirst,blue,pattern-test,2,4,1,food,1
Ximo,m,8,foodfirst,blue,pattern-test,2,5,0,food,1
Ximo,m,8,foodfirst,blue,pattern-test,2,6,1,food,1
Ximo,m,8,foodfirst,blue,pattern-test,2,7,1,food,1
Ximo,m,8,foodfirst,blue,pattern-test,2,8,1,food,1
Ximo,m,8,foodfirst,blue,pattern-test,3,1,1,food,1
Ximo,m,8,foodfirst,blue,pattern-test,3,2,1,food,1
Ximo,m,8,foodfirst,blue,pattern-test,3,3,1,food,1
Ximo,m,8,foodfirst,blue,pattern-test,3,4,1,food,1
Ximo,m,8,foodfirst,blue,pattern-test,3,5,1,food,1
Ximo,m,8,foodfirst,blue,pattern-test,3,6,1,food,1
Ximo,m,8,foodfirst,blue,pattern-test,3,7,1,food,1
Ximo,m,8,foodfirst,blue,pattern-test,3,8,1,food,1
Ximo,m,8,foodfirst,blue,pattern-transfer,1,1,0,stick,2
Ximo,m,8,foodfirst,blue,pattern-transfer,1,2,0,stick,2
Ximo,m,8,foodfirst,blue,pattern-transfer,1,3,1,stick,2
Ximo,m,8,foodfirst,blue,pattern-transfer,1,4,0,stick,2
Ximo,m,8,foodfirst,blue,pattern-transfer,1,5,1,stick,2
Ximo,m,8,foodfirst,blue,pattern-transfer,1,6,1,stick,2
Ximo,m,8,foodfirst,blue,pattern-transfer,1,7,0,stick,2
Ximo,m,8,foodfirst,blue,pattern-transfer,1,8,1,stick,2
Ximo,m,8,foodfirst,blue,pattern-transfer,2,1,1,stick,2
Ximo,m,8,foodfirst,blue,pattern-transfer,2,2,0,stick,2
Ximo,m,8,foodfirst,blue,pattern-transfer,2,3,0,stick,2
Ximo,m,8,foodfirst,blue,pattern-transfer,2,4,1,stick,2
Ximo,m,8,foodfirst,blue,pattern-transfer,2,5,1,stick,2
Ximo,m,8,foodfirst,blue,pattern-transfer,2,6,0,stick,2
Ximo,m,8,foodfirst,blue,pattern-transfer,2,7,1,stick,2
Ximo,m,8,foodfirst,blue,pattern-transfer,2,8,0,stick,2
Bear,m,5,stickfirst,blue,pattern-warmup1,1,1,0,,
Bear,m,5,stickfirst,blue,pattern-warmup1,1,2,1,,
Bear,m,5,stickfirst,blue,pattern-warmup1,1,3,1,,
Bear,m,5,stickfirst,blue,pattern-warmup1,1,4,0,,
Bear,m,5,stickfirst,blue,pattern-warmup1,1,5,1,,
Bear,m,5,stickfirst,blue,pattern-warmup1,1,6,0,,
Bear,m,5,stickfirst,blue,pattern-warmup1,1,7,1,,
Bear,m,5,stickfirst,blue,pattern-warmup1,1,8,1,,
Bear,m,5,stickfirst,blue,pattern-warmup1,2,1,1,,
Bear,m,5,stickfirst,blue,pattern-warmup1,2,2,1,,
Bear,m,5,stickfirst,blue,pattern-warmup1,2,3,1,,
Bear,m,5,stickfirst,blue,pattern-warmup1,2,4,1,,
Bear,m,5,stickfirst,blue,pattern-warmup1,2,5,1,,
Bear,m,5,stickfirst,blue,pattern-warmup1,2,6,1,,
Bear,m,5,stickfirst,blue,pattern-warmup1,2,7,1,,
Bear,m,5,stickfirst,blue,pattern-warmup1,2,8,1,,
Bear,m,5,stickfirst,blue,pattern-warmup1,3,1,1,,
Bear,m,5,stickfirst,blue,pattern-warmup1,3,2,1,,
Bear,m,5,stickfirst,blue,pattern-warmup1,3,3,1,,
Bear,m,5,stickfirst,blue,pattern-warmup1,3,4,1,,
Bear,m,5,stickfirst,blue,pattern-warmup1,3,5,1,,
Bear,m,5,stickfirst,blue,pattern-warmup1,3,6,1,,
Bear,m,5,stickfirst,blue,pattern-warmup1,3,7,1,,
Bear,m,5,stickfirst,blue,pattern-warmup1,3,8,1,,
Bear,m,5,stickfirst,blue,pattern-warmup2,1,1,1,,
Bear,m,5,stickfirst,blue,pattern-warmup2,1,2,1,,
Bear,m,5,stickfirst,blue,pattern-warmup2,1,3,0,,
Bear,m,5,stickfirst,blue,pattern-warmup2,1,4,1,,
Bear,m,5,stickfirst,blue,pattern-warmup2,1,5,1,,
Bear,m,5,stickfirst,blue,pattern-warmup2,1,6,1,,
Bear,m,5,stickfirst,blue,pattern-warmup2,1,7,1,,
Bear,m,5,stickfirst,blue,pattern-warmup2,1,8,1,,
Bear,m,5,stickfirst,blue,pattern-warmup2,2,1,1,,
Bear,m,5,stickfirst,blue,pattern-warmup2,2,2,1,,
Bear,m,5,stickfirst,blue,pattern-warmup2,2,3,1,,
Bear,m,5,stickfirst,blue,pattern-warmup2,2,4,1,,
Bear,m,5,stickfirst,blue,pattern-warmup2,2,5,1,,
Bear,m,5,stickfirst,blue,pattern-warmup2,2,6,1,,
Bear,m,5,stickfirst,blue,pattern-warmup2,2,7,1,,
Bear,m,5,stickfirst,blue,pattern-warmup2,2,8,1,,
Bear,m,5,stickfirst,blue,pattern-test,1,1,1,stick,1
Bear,m,5,stickfirst,blue,pattern-test,1,2,0,stick,1
Bear,m,5,stickfirst,blue,pattern-test,1,3,0,stick,1
Bear,m,5,stickfirst,blue,pattern-test,1,4,1,stick,1
Bear,m,5,stickfirst,blue,pattern-test,1,5,0,stick,1
Bear,m,5,stickfirst,blue,pattern-test,1,6,1,stick,1
Bear,m,5,stickfirst,blue,pattern-test,1,7,0,stick,1
Bear,m,5,stickfirst,blue,pattern-test,1,8,0,stick,1
Bear,m,5,stickfirst,blue,pattern-test,2,1,0,stick,1
Bear,m,5,stickfirst,blue,pattern-test,2,2,1,stick,1
Bear,m,5,stickfirst,blue,pattern-test,2,3,1,stick,1
Bear,m,5,stickfirst,blue,pattern-test,2,4,0,stick,1
Bear,m,5,stickfirst,blue,pattern-test,2,5,0,stick,1
Bear,m,5,stickfirst,blue,pattern-test,2,6,1,stick,1
Bear,m,5,stickfirst,blue,pattern-test,2,7,0,stick,1
Bear,m,5,stickfirst,blue,pattern-test,2,8,0,stick,1
Bear,m,5,stickfirst,blue,pattern-test,3,1,0,stick,1
Bear,m,5,stickfirst,blue,pattern-test,3,2,1,stick,1
Bear,m,5,stickfirst,blue,pattern-test,3,3,1,stick,1
Bear,m,5,stickfirst,blue,pattern-test,3,4,0,stick,1
Bear,m,5,stickfirst,blue,pattern-test,3,5,0,stick,1
Bear,m,5,stickfirst,blue,pattern-test,3,6,1,stick,1
Bear,m,5,stickfirst,blue,pattern-test,3,7,0,stick,1
Bear,m,5,stickfirst,blue,pattern-test,3,8,1,stick,1
Bear,m,5,stickfirst,blue,pattern-test,4,1,1,stick,1
Bear,m,5,stickfirst,blue,pattern-test,4,2,0,stick,1
Bear,m,5,stickfirst,blue,pattern-test,4,3,0,stick,1
Bear,m,5,stickfirst,blue,pattern-test,4,4,1,stick,1
Bear,m,5,stickfirst,blue,pattern-test,4,5,1,stick,1
Bear,m,5,stickfirst,blue,pattern-test,4,6,0,stick,1
Bear,m,5,stickfirst,blue,pattern-test,4,7,1,stick,1
Bear,m,5,stickfirst,blue,pattern-test,4,8,0,stick,1
Bear,m,5,stickfirst,blue,pattern-test,5,1,1,stick,1
Bear,m,5,stickfirst,blue,pattern-test,5,2,1,stick,1
Bear,m,5,stickfirst,blue,pattern-test,5,3,0,stick,1
Bear,m,5,stickfirst,blue,pattern-test,5,4,1,stick,1
Bear,m,5,stickfirst,blue,pattern-test,5,5,0,stick,1
Bear,m,5,stickfirst,blue,pattern-test,5,6,0,stick,1
Bear,m,5,stickfirst,blue,pattern-test,5,7,1,stick,1
Bear,m,5,stickfirst,blue,pattern-test,5,8,1,stick,1
Bear,m,5,stickfirst,blue,pattern-test,6,1,0,stick,1
Bear,m,5,stickfirst,blue,pattern-test,6,2,0,stick,1
Bear,m,5,stickfirst,blue,pattern-test,6,3,1,stick,1
Bear,m,5,stickfirst,blue,pattern-test,6,4,0,stick,1
Bear,m,5,stickfirst,blue,pattern-test,6,5,1,stick,1
Bear,m,5,stickfirst,blue,pattern-test,6,6,1,stick,1
Bear,m,5,stickfirst,blue,pattern-test,6,7,0,stick,1
Bear,m,5,stickfirst,blue,pattern-test,6,8,1,stick,1
Bear,m,5,stickfirst,blue,pattern-test,7,1,0,stick,1
Bear,m,5,stickfirst,blue,pattern-test,7,2,1,stick,1
Bear,m,5,stickfirst,blue,pattern-test,7,3,0,stick,1
Bear,m,5,stickfirst,blue,pattern-test,7,4,1,stick,1
Bear,m,5,stickfirst,blue,pattern-test,7,5,0,stick,1
Bear,m,5,stickfirst,blue,pattern-test,7,6,1,stick,1
Bear,m,5,stickfirst,blue,pattern-test,7,7,1,stick,1
Bear,m,5,stickfirst,blue,pattern-test,7,8,0,stick,1
Bear,m,5,stickfirst,blue,pattern-test,8,1,1,stick,1
Bear,m,5,stickfirst,blue,pattern-test,8,2,0,stick,1
Bear,m,5,stickfirst,blue,pattern-test,8,3,1,stick,1
Bear,m,5,stickfirst,blue,pattern-test,8,4,0,stick,1
Bear,m,5,stickfirst,blue,pattern-test,8,5,1,stick,1
Bear,m,5,stickfirst,blue,pattern-test,8,6,0,stick,1
Bear,m,5,stickfirst,blue,pattern-test,8,7,0,stick,1
Bear,m,5,stickfirst,blue,pattern-test,8,8,1,stick,1
Bear,m,5,stickfirst,blue,pattern-test,9,1,1,stick,1
Bear,m,5,stickfirst,blue,pattern-test,9,2,0,stick,1
Bear,m,5,stickfirst,blue,pattern-test,9,3,0,stick,1
Bear,m,5,stickfirst,blue,pattern-test,9,4,1,stick,1
Bear,m,5,stickfirst,blue,pattern-test,9,5,0,stick,1
Bear,m,5,stickfirst,blue,pattern-test,9,6,1,stick,1
Bear,m,5,stickfirst,blue,pattern-test,9,7,1,stick,1
Bear,m,5,stickfirst,blue,pattern-test,9,8,0,stick,1
Bear,m,5,stickfirst,blue,pattern-test,10,1,1,stick,1
Bear,m,5,stickfirst,blue,pattern-test,10,2,0,stick,1
Bear,m,5,stickfirst,blue,pattern-test,10,3,1,stick,1
Bear,m,5,stickfirst,blue,pattern-test,10,4,0,stick,1
Bear,m,5,stickfirst,blue,pattern-test,10,5,1,stick,1
Bear,m,5,stickfirst,blue,pattern-test,10,6,0,stick,1
Bear,m,5,stickfirst,blue,pattern-test,10,7,1,stick,1
Bear,m,5,stickfirst,blue,pattern-test,10,8,1,stick,1
Bear,m,5,stickfirst,blue,pattern-transfer,1,1,0,food,2
Bear,m,5,stickfirst,blue,pattern-transfer,1,2,1,food,2
Bear,m,5,stickfirst,blue,pattern-transfer,1,3,1,food,2
Bear,m,5,stickfirst,blue,pattern-transfer,1,4,0,food,2
Bear,m,5,stickfirst,blue,pattern-transfer,1,5,1,food,2
Bear,m,5,stickfirst,blue,pattern-transfer,1,6,0,food,2
Bear,m,5,stickfirst,blue,pattern-transfer,1,7,0,food,2
Bear,m,5,stickfirst,blue,pattern-transfer,1,8,1,food,2
Bear,m,5,stickfirst,blue,pattern-transfer,2,1,1,food,2
Bear,m,5,stickfirst,blue,pattern-transfer,2,2,0,food,2
Bear,m,5,stickfirst,blue,pattern-transfer,2,3,0,food,2
Bear,m,5,stickfirst,blue,pattern-transfer,2,4,1,food,2
Bear,m,5,stickfirst,blue,pattern-transfer,2,5,1,food,2
Bear,m,5,stickfirst,blue,pattern-transfer,2,6,0,food,2
Bear,m,5,stickfirst,blue,pattern-transfer,2,7,1,food,2
Bear,m,5,stickfirst,blue,pattern-transfer,2,8,0,food,2
Figo,m,12,stickfirst,blue,pattern-warmup1,1,1,1,,
Figo,m,12,stickfirst,blue,pattern-warmup1,1,2,0,,
Figo,m,12,stickfirst,blue,pattern-warmup1,1,3,0,,
Figo,m,12,stickfirst,blue,pattern-warmup1,1,4,1,,
Figo,m,12,stickfirst,blue,pattern-warmup1,1,5,0,,
Figo,m,12,stickfirst,blue,pattern-warmup1,1,6,1,,
Figo,m,12,stickfirst,blue,pattern-warmup1,1,7,1,,
Figo,m,12,stickfirst,blue,pattern-warmup1,1,8,0,,
Figo,m,12,stickfirst,blue,pattern-warmup1,2,1,0,,
Figo,m,12,stickfirst,blue,pattern-warmup1,2,2,1,,
Figo,m,12,stickfirst,blue,pattern-warmup1,2,3,1,,
Figo,m,12,stickfirst,blue,pattern-warmup1,2,4,1,,
Figo,m,12,stickfirst,blue,pattern-warmup1,2,5,0,,
Figo,m,12,stickfirst,blue,pattern-warmup1,2,6,0,,
Figo,m,12,stickfirst,blue,pattern-warmup1,2,7,0,,
Figo,m,12,stickfirst,blue,pattern-warmup1,2,8,0,,
Figo,m,12,stickfirst,blue,pattern-warmup1,3,1,0,,
Figo,m,12,stickfirst,blue,pattern-warmup1,3,2,1,,
Figo,m,12,stickfirst,blue,pattern-warmup1,3,3,1,,
Figo,m,12,stickfirst,blue,pattern-warmup1,3,4,0,,
Figo,m,12,stickfirst,blue,pattern-warmup1,3,5,1,,
Figo,m,12,stickfirst,blue,pattern-warmup1,3,6,1,,
Figo,m,12,stickfirst,blue,pattern-warmup1,3,7,1,,
Figo,m,12,stickfirst,blue,pattern-warmup1,3,8,1,,
Figo,m,12,stickfirst,blue,pattern-warmup1,4,1,1,,
Figo,m,12,stickfirst,blue,pattern-warmup1,4,2,1,,
Figo,m,12,stickfirst,blue,pattern-warmup1,4,3,1,,
Figo,m,12,stickfirst,blue,pattern-warmup1,4,4,1,,
Figo,m,12,stickfirst,blue,pattern-warmup1,4,5,1,,
Figo,m,12,stickfirst,blue,pattern-warmup1,4,6,1,,
Figo,m,12,stickfirst,blue,pattern-warmup1,4,7,1,,
Figo,m,12,stickfirst,blue,pattern-warmup1,4,8,1,,
Figo,m,12,stickfirst,blue,pattern-warmup2,1,1,1,,
Figo,m,12,stickfirst,blue,pattern-warmup2,1,2,1,,
Figo,m,12,stickfirst,blue,pattern-warmup2,1,3,1,,
Figo,m,12,stickfirst,blue,pattern-warmup2,1,4,1,,
Figo,m,12,stickfirst,blue,pattern-warmup2,1,5,1,,
Figo,m,12,stickfirst,blue,pattern-warmup2,1,6,1,,
Figo,m,12,stickfirst,blue,pattern-warmup2,1,7,1,,
Figo,m,12,stickfirst,blue,pattern-warmup2,1,8,1,,
Figo,m,12,stickfirst,blue,pattern-warmup2,2,1,1,,
Figo,m,12,stickfirst,blue,pattern-warmup2,2,2,1,,
Figo,m,12,stickfirst,blue,pattern-warmup2,2,3,1,,
Figo,m,12,stickfirst,blue,pattern-warmup2,2,4,1,,
Figo,m,12,stickfirst,blue,pattern-warmup2,2,5,1,,
Figo,m,12,stickfirst,blue,pattern-warmup2,2,6,1,,
Figo,m,12,stickfirst,blue,pattern-warmup2,2,7,1,,
Figo,m,12,stickfirst,blue,pattern-warmup2,2,8,1,,
Figo,m,12,stickfirst,blue,pattern-test,1,1,1,stick,1
Figo,m,12,stickfirst,blue,pattern-test,1,2,0,stick,1
Figo,m,12,stickfirst,blue,pattern-test,1,3,0,stick,1
Figo,m,12,stickfirst,blue,pattern-test,1,4,0,stick,1
Figo,m,12,stickfirst,blue,pattern-test,1,5,0,stick,1
Figo,m,12,stickfirst,blue,pattern-test,1,6,1,stick,1
Figo,m,12,stickfirst,blue,pattern-test,1,7,1,stick,1
Figo,m,12,stickfirst,blue,pattern-test,1,8,0,stick,1
Figo,m,12,stickfirst,blue,pattern-test,2,1,0,stick,1
Figo,m,12,stickfirst,blue,pattern-test,2,2,1,stick,1
Figo,m,12,stickfirst,blue,pattern-test,2,3,0,stick,1
Figo,m,12,stickfirst,blue,pattern-test,2,4,1,stick,1
Figo,m,12,stickfirst,blue,pattern-test,2,5,1,stick,1
Figo,m,12,stickfirst,blue,pattern-test,2,6,0,stick,1
Figo,m,12,stickfirst,blue,pattern-test,2,7,1,stick,1
Figo,m,12,stickfirst,blue,pattern-test,2,8,0,stick,1
Figo,m,12,stickfirst,blue,pattern-test,3,1,0,stick,1
Figo,m,12,stickfirst,blue,pattern-test,3,2,1,stick,1
Figo,m,12,stickfirst,blue,pattern-test,3,3,0,stick,1
Figo,m,12,stickfirst,blue,pattern-test,3,4,0,stick,1
Figo,m,12,stickfirst,blue,pattern-test,3,5,0,stick,1
Figo,m,12,stickfirst,blue,pattern-test,3,6,0,stick,1
Figo,m,12,stickfirst,blue,pattern-test,3,7,0,stick,1
Figo,m,12,stickfirst,blue,pattern-test,3,8,1,stick,1
Figo,m,12,stickfirst,blue,pattern-test,4,1,0,stick,1
Figo,m,12,stickfirst,blue,pattern-test,4,2,1,stick,1
Figo,m,12,stickfirst,blue,pattern-test,4,3,1,stick,1
Figo,m,12,stickfirst,blue,pattern-test,4,4,1,stick,1
Figo,m,12,stickfirst,blue,pattern-test,4,5,0,stick,1
Figo,m,12,stickfirst,blue,pattern-test,4,6,1,stick,1
Figo,m,12,stickfirst,blue,pattern-test,4,7,1,stick,1
Figo,m,12,stickfirst,blue,pattern-test,4,8,0,stick,1
Figo,m,12,stickfirst,blue,pattern-test,5,1,0,stick,1
Figo,m,12,stickfirst,blue,pattern-test,5,2,0,stick,1
Figo,m,12,stickfirst,blue,pattern-test,5,3,1,stick,1
Figo,m,12,stickfirst,blue,pattern-test,5,4,0,stick,1
Figo,m,12,stickfirst,blue,pattern-test,5,5,0,stick,1
Figo,m,12,stickfirst,blue,pattern-test,5,6,1,stick,1
Figo,m,12,stickfirst,blue,pattern-test,5,7,0,stick,1
Figo,m,12,stickfirst,blue,pattern-test,5,8,0,stick,1
Figo,m,12,stickfirst,blue,pattern-test,6,1,0,stick,1
Figo,m,12,stickfirst,blue,pattern-test,6,2,1,stick,1
Figo,m,12,stickfirst,blue,pattern-test,6,3,1,stick,1
Figo,m,12,stickfirst,blue,pattern-test,6,4,0,stick,1
Figo,m,12,stickfirst,blue,pattern-test,6,5,1,stick,1
Figo,m,12,stickfirst,blue,pattern-test,6,6,0,stick,1
Figo,m,12,stickfirst,blue,pattern-test,6,7,0,stick,1
Figo,m,12,stickfirst,blue,pattern-test,6,8,1,stick,1
Figo,m,12,stickfirst,blue,pattern-test,7,1,1,stick,1
Figo,m,12,stickfirst,blue,pattern-test,7,2,0,stick,1
Figo,m,12,stickfirst,blue,pattern-test,7,3,1,stick,1
Figo,m,12,stickfirst,blue,pattern-test,7,4,0,stick,1
Figo,m,12,stickfirst,blue,pattern-test,7,5,1,stick,1
Figo,m,12,stickfirst,blue,pattern-test,7,6,0,stick,1
Figo,m,12,stickfirst,blue,pattern-test,7,7,0,stick,1
Figo,m,12,stickfirst,blue,pattern-test,7,8,1,stick,1
Figo,m,12,stickfirst,blue,pattern-test,8,1,0,stick,1
Figo,m,12,stickfirst,blue,pattern-test,8,2,1,stick,1
Figo,m,12,stickfirst,blue,pattern-test,8,3,0,stick,1
Figo,m,12,stickfirst,blue,pattern-test,8,4,1,stick,1
Figo,m,12,stickfirst,blue,pattern-test,8,5,0,stick,1
Figo,m,12,stickfirst,blue,pattern-test,8,6,1,stick,1
Figo,m,12,stickfirst,blue,pattern-test,8,7,1,stick,1
Figo,m,12,stickfirst,blue,pattern-test,8,8,0,stick,1
Figo,m,12,stickfirst,blue,pattern-test,9,1,0,stick,1
Figo,m,12,stickfirst,blue,pattern-test,9,2,1,stick,1
Figo,m,12,stickfirst,blue,pattern-test,9,3,1,stick,1
Figo,m,12,stickfirst,blue,pattern-test,9,4,0,stick,1
Figo,m,12,stickfirst,blue,pattern-test,9,5,1,stick,1
Figo,m,12,stickfirst,blue,pattern-test,9,6,0,stick,1
Figo,m,12,stickfirst,blue,pattern-test,9,7,0,stick,1
Figo,m,12,stickfirst,blue,pattern-test,9,8,1,stick,1
Figo,m,12,stickfirst,blue,pattern-test,10,1,1,stick,1
Figo,m,12,stickfirst,blue,pattern-test,10,2,0,stick,1
Figo,m,12,stickfirst,blue,pattern-test,10,3,0,stick,1
Figo,m,12,stickfirst,blue,pattern-test,10,4,1,stick,1
Figo,m,12,stickfirst,blue,pattern-test,10,5,0,stick,1
Figo,m,12,stickfirst,blue,pattern-test,10,6,1,stick,1
Figo,m,12,stickfirst,blue,pattern-test,10,7,1,stick,1
Figo,m,12,stickfirst,blue,pattern-test,10,8,0,stick,1
Figo,m,12,stickfirst,blue,pattern-transfer,1,1,1,food,2
Figo,m,12,stickfirst,blue,pattern-transfer,1,2,0,food,2
Figo,m,12,stickfirst,blue,pattern-transfer,1,3,1,food,2
Figo,m,12,stickfirst,blue,pattern-transfer,1,4,1,food,2
Figo,m,12,stickfirst,blue,pattern-transfer,1,5,0,food,2
Figo,m,12,stickfirst,blue,pattern-transfer,1,6,1,food,2
Figo,m,12,stickfirst,blue,pattern-transfer,1,7,1,food,2
Figo,m,12,stickfirst,blue,pattern-transfer,1,8,0,food,2
Figo,m,12,stickfirst,blue,pattern-transfer,2,1,0,food,2
Figo,m,12,stickfirst,blue,pattern-transfer,2,2,1,food,2
Figo,m,12,stickfirst,blue,pattern-transfer,2,3,1,food,2
Figo,m,12,stickfirst,blue,pattern-transfer,2,4,0,food,2
Figo,m,12,stickfirst,blue,pattern-transfer,2,5,0,food,2
Figo,m,12,stickfirst,blue,pattern-transfer,2,6,1,food,2
Figo,m,12,stickfirst,blue,pattern-transfer,2,7,0,food,2
Figo,m,12,stickfirst,blue,pattern-transfer,2,8,1,food,2
